CRITICAL - 2026-01-27 04:41:21 --> ParseError: syntax error, unexpected string content "", expecting "-" or identifier or variable or number
[Method: GET, Route: cart/recipient/1]
in APPPATH\Controllers\CartController.php on line 993.
 1 SYSTEMPATH\Autoloader\Autoloader.php(296): CodeIgniter\Autoloader\Autoloader->includeFile('D:\\x8\\htdocs\\thecup\\app\\Controllers\\CartController.php')
 2 SYSTEMPATH\Autoloader\Autoloader.php(272): CodeIgniter\Autoloader\Autoloader->loadInNamespace('App\\Controllers\\CartController')
 3 [internal function]: CodeIgniter\Autoloader\Autoloader->loadClass('App\\Controllers\\CartController')
 4 SYSTEMPATH\CodeIgniter.php(887): class_exists('\\App\\Controllers\\CartController', true)
 5 SYSTEMPATH\CodeIgniter.php(496): CodeIgniter\CodeIgniter->startController()
 6 SYSTEMPATH\CodeIgniter.php(355): CodeIgniter\CodeIgniter->handleRequest(null, Object(Config\Cache), false)
 7 SYSTEMPATH\Boot.php(325): CodeIgniter\CodeIgniter->run()
 8 SYSTEMPATH\Boot.php(67): CodeIgniter\Boot::runCodeIgniter(Object(CodeIgniter\CodeIgniter))
 9 FCPATH\index.php(56): CodeIgniter\Boot::bootWeb(Object(Config\Paths))
10 ROOTPATH\index.php(7): require_once('D:\\x8\\htdocs\\thecup\\public\\index.php')
CRITICAL - 2026-01-27 04:42:02 --> ParseError: syntax error, unexpected string content "", expecting "-" or identifier or variable or number
[Method: GET, Route: cart/recipient/1]
in APPPATH\Controllers\CartController.php on line 993.
 1 SYSTEMPATH\Autoloader\Autoloader.php(296): CodeIgniter\Autoloader\Autoloader->includeFile('D:\\x8\\htdocs\\thecup\\app\\Controllers\\CartController.php')
 2 SYSTEMPATH\Autoloader\Autoloader.php(272): CodeIgniter\Autoloader\Autoloader->loadInNamespace('App\\Controllers\\CartController')
 3 [internal function]: CodeIgniter\Autoloader\Autoloader->loadClass('App\\Controllers\\CartController')
 4 SYSTEMPATH\CodeIgniter.php(887): class_exists('\\App\\Controllers\\CartController', true)
 5 SYSTEMPATH\CodeIgniter.php(496): CodeIgniter\CodeIgniter->startController()
 6 SYSTEMPATH\CodeIgniter.php(355): CodeIgniter\CodeIgniter->handleRequest(null, Object(Config\Cache), false)
 7 SYSTEMPATH\Boot.php(325): CodeIgniter\CodeIgniter->run()
 8 SYSTEMPATH\Boot.php(67): CodeIgniter\Boot::runCodeIgniter(Object(CodeIgniter\CodeIgniter))
 9 FCPATH\index.php(56): CodeIgniter\Boot::bootWeb(Object(Config\Paths))
10 ROOTPATH\index.php(7): require_once('D:\\x8\\htdocs\\thecup\\public\\index.php')
CRITICAL - 2026-01-27 04:42:30 --> ParseError: syntax error, unexpected string content "", expecting "-" or identifier or variable or number
[Method: GET, Route: cart/recipient/1]
in APPPATH\Controllers\CartController.php on line 993.
 1 SYSTEMPATH\Autoloader\Autoloader.php(296): CodeIgniter\Autoloader\Autoloader->includeFile('D:\\x8\\htdocs\\thecup\\app\\Controllers\\CartController.php')
 2 SYSTEMPATH\Autoloader\Autoloader.php(272): CodeIgniter\Autoloader\Autoloader->loadInNamespace('App\\Controllers\\CartController')
 3 [internal function]: CodeIgniter\Autoloader\Autoloader->loadClass('App\\Controllers\\CartController')
 4 SYSTEMPATH\CodeIgniter.php(887): class_exists('\\App\\Controllers\\CartController', true)
 5 SYSTEMPATH\CodeIgniter.php(496): CodeIgniter\CodeIgniter->startController()
 6 SYSTEMPATH\CodeIgniter.php(355): CodeIgniter\CodeIgniter->handleRequest(null, Object(Config\Cache), false)
 7 SYSTEMPATH\Boot.php(325): CodeIgniter\CodeIgniter->run()
 8 SYSTEMPATH\Boot.php(67): CodeIgniter\Boot::runCodeIgniter(Object(CodeIgniter\CodeIgniter))
 9 FCPATH\index.php(56): CodeIgniter\Boot::bootWeb(Object(Config\Paths))
10 ROOTPATH\index.php(7): require_once('D:\\x8\\htdocs\\thecup\\public\\index.php')
CRITICAL - 2026-01-27 04:44:28 --> ParseError: syntax error, unexpected double-quote mark, expecting "-" or identifier or variable or number
[Method: GET, Route: cart/recipient/1]
in APPPATH\Controllers\CartController.php on line 993.
 1 SYSTEMPATH\Autoloader\Autoloader.php(296): CodeIgniter\Autoloader\Autoloader->includeFile('D:\\x8\\htdocs\\thecup\\app\\Controllers\\CartController.php')
 2 SYSTEMPATH\Autoloader\Autoloader.php(272): CodeIgniter\Autoloader\Autoloader->loadInNamespace('App\\Controllers\\CartController')
 3 [internal function]: CodeIgniter\Autoloader\Autoloader->loadClass('App\\Controllers\\CartController')
 4 SYSTEMPATH\CodeIgniter.php(887): class_exists('\\App\\Controllers\\CartController', true)
 5 SYSTEMPATH\CodeIgniter.php(496): CodeIgniter\CodeIgniter->startController()
 6 SYSTEMPATH\CodeIgniter.php(355): CodeIgniter\CodeIgniter->handleRequest(null, Object(Config\Cache), false)
 7 SYSTEMPATH\Boot.php(325): CodeIgniter\CodeIgniter->run()
 8 SYSTEMPATH\Boot.php(67): CodeIgniter\Boot::runCodeIgniter(Object(CodeIgniter\CodeIgniter))
 9 FCPATH\index.php(56): CodeIgniter\Boot::bootWeb(Object(Config\Paths))
10 ROOTPATH\index.php(7): require_once('D:\\x8\\htdocs\\thecup\\public\\index.php')
CRITICAL - 2026-01-27 04:45:41 --> ParseError: syntax error, unexpected double-quote mark, expecting "-" or identifier or variable or number
[Method: GET, Route: cart/recipient/1]
in APPPATH\Controllers\CartController.php on line 993.
 1 SYSTEMPATH\Autoloader\Autoloader.php(296): CodeIgniter\Autoloader\Autoloader->includeFile('D:\\x8\\htdocs\\thecup\\app\\Controllers\\CartController.php')
 2 SYSTEMPATH\Autoloader\Autoloader.php(272): CodeIgniter\Autoloader\Autoloader->loadInNamespace('App\\Controllers\\CartController')
 3 [internal function]: CodeIgniter\Autoloader\Autoloader->loadClass('App\\Controllers\\CartController')
 4 SYSTEMPATH\CodeIgniter.php(887): class_exists('\\App\\Controllers\\CartController', true)
 5 SYSTEMPATH\CodeIgniter.php(496): CodeIgniter\CodeIgniter->startController()
 6 SYSTEMPATH\CodeIgniter.php(355): CodeIgniter\CodeIgniter->handleRequest(null, Object(Config\Cache), false)
 7 SYSTEMPATH\Boot.php(325): CodeIgniter\CodeIgniter->run()
 8 SYSTEMPATH\Boot.php(67): CodeIgniter\Boot::runCodeIgniter(Object(CodeIgniter\CodeIgniter))
 9 FCPATH\index.php(56): CodeIgniter\Boot::bootWeb(Object(Config\Paths))
10 ROOTPATH\index.php(7): require_once('D:\\x8\\htdocs\\thecup\\public\\index.php')
CRITICAL - 2026-01-27 04:46:28 --> ParseError: syntax error, unexpected double-quote mark, expecting "-" or identifier or variable or number
[Method: GET, Route: cart/recipient/1]
in APPPATH\Controllers\CartController.php on line 993.
 1 SYSTEMPATH\Autoloader\Autoloader.php(296): CodeIgniter\Autoloader\Autoloader->includeFile('D:\\x8\\htdocs\\thecup\\app\\Controllers\\CartController.php')
 2 SYSTEMPATH\Autoloader\Autoloader.php(272): CodeIgniter\Autoloader\Autoloader->loadInNamespace('App\\Controllers\\CartController')
 3 [internal function]: CodeIgniter\Autoloader\Autoloader->loadClass('App\\Controllers\\CartController')
 4 SYSTEMPATH\CodeIgniter.php(887): class_exists('\\App\\Controllers\\CartController', true)
 5 SYSTEMPATH\CodeIgniter.php(496): CodeIgniter\CodeIgniter->startController()
 6 SYSTEMPATH\CodeIgniter.php(355): CodeIgniter\CodeIgniter->handleRequest(null, Object(Config\Cache), false)
 7 SYSTEMPATH\Boot.php(325): CodeIgniter\CodeIgniter->run()
 8 SYSTEMPATH\Boot.php(67): CodeIgniter\Boot::runCodeIgniter(Object(CodeIgniter\CodeIgniter))
 9 FCPATH\index.php(56): CodeIgniter\Boot::bootWeb(Object(Config\Paths))
10 ROOTPATH\index.php(7): require_once('D:\\x8\\htdocs\\thecup\\public\\index.php')
CRITICAL - 2026-01-27 04:46:46 --> ParseError: syntax error, unexpected double-quote mark, expecting "-" or identifier or variable or number
[Method: GET, Route: cart/recipient/1]
in APPPATH\Controllers\CartController.php on line 993.
 1 SYSTEMPATH\Autoloader\Autoloader.php(296): CodeIgniter\Autoloader\Autoloader->includeFile('D:\\x8\\htdocs\\thecup\\app\\Controllers\\CartController.php')
 2 SYSTEMPATH\Autoloader\Autoloader.php(272): CodeIgniter\Autoloader\Autoloader->loadInNamespace('App\\Controllers\\CartController')
 3 [internal function]: CodeIgniter\Autoloader\Autoloader->loadClass('App\\Controllers\\CartController')
 4 SYSTEMPATH\CodeIgniter.php(887): class_exists('\\App\\Controllers\\CartController', true)
 5 SYSTEMPATH\CodeIgniter.php(496): CodeIgniter\CodeIgniter->startController()
 6 SYSTEMPATH\CodeIgniter.php(355): CodeIgniter\CodeIgniter->handleRequest(null, Object(Config\Cache), false)
 7 SYSTEMPATH\Boot.php(325): CodeIgniter\CodeIgniter->run()
 8 SYSTEMPATH\Boot.php(67): CodeIgniter\Boot::runCodeIgniter(Object(CodeIgniter\CodeIgniter))
 9 FCPATH\index.php(56): CodeIgniter\Boot::bootWeb(Object(Config\Paths))
10 ROOTPATH\index.php(7): require_once('D:\\x8\\htdocs\\thecup\\public\\index.php')
CRITICAL - 2026-01-27 04:47:43 --> ParseError: syntax error, unexpected double-quote mark, expecting "-" or identifier or variable or number
[Method: GET, Route: cart/recipient/1]
in APPPATH\Controllers\CartController.php on line 993.
 1 SYSTEMPATH\Autoloader\Autoloader.php(296): CodeIgniter\Autoloader\Autoloader->includeFile('D:\\x8\\htdocs\\thecup\\app\\Controllers\\CartController.php')
 2 SYSTEMPATH\Autoloader\Autoloader.php(272): CodeIgniter\Autoloader\Autoloader->loadInNamespace('App\\Controllers\\CartController')
 3 [internal function]: CodeIgniter\Autoloader\Autoloader->loadClass('App\\Controllers\\CartController')
 4 SYSTEMPATH\CodeIgniter.php(887): class_exists('\\App\\Controllers\\CartController', true)
 5 SYSTEMPATH\CodeIgniter.php(496): CodeIgniter\CodeIgniter->startController()
 6 SYSTEMPATH\CodeIgniter.php(355): CodeIgniter\CodeIgniter->handleRequest(null, Object(Config\Cache), false)
 7 SYSTEMPATH\Boot.php(325): CodeIgniter\CodeIgniter->run()
 8 SYSTEMPATH\Boot.php(67): CodeIgniter\Boot::runCodeIgniter(Object(CodeIgniter\CodeIgniter))
 9 FCPATH\index.php(56): CodeIgniter\Boot::bootWeb(Object(Config\Paths))
10 ROOTPATH\index.php(7): require_once('D:\\x8\\htdocs\\thecup\\public\\index.php')
CRITICAL - 2026-01-27 04:48:50 --> ParseError: syntax error, unexpected double-quote mark, expecting "-" or identifier or variable or number
[Method: GET, Route: cart/recipient/1]
in APPPATH\Controllers\CartController.php on line 993.
 1 SYSTEMPATH\Autoloader\Autoloader.php(296): CodeIgniter\Autoloader\Autoloader->includeFile('D:\\x8\\htdocs\\thecup\\app\\Controllers\\CartController.php')
 2 SYSTEMPATH\Autoloader\Autoloader.php(272): CodeIgniter\Autoloader\Autoloader->loadInNamespace('App\\Controllers\\CartController')
 3 [internal function]: CodeIgniter\Autoloader\Autoloader->loadClass('App\\Controllers\\CartController')
 4 SYSTEMPATH\CodeIgniter.php(887): class_exists('\\App\\Controllers\\CartController', true)
 5 SYSTEMPATH\CodeIgniter.php(496): CodeIgniter\CodeIgniter->startController()
 6 SYSTEMPATH\CodeIgniter.php(355): CodeIgniter\CodeIgniter->handleRequest(null, Object(Config\Cache), false)
 7 SYSTEMPATH\Boot.php(325): CodeIgniter\CodeIgniter->run()
 8 SYSTEMPATH\Boot.php(67): CodeIgniter\Boot::runCodeIgniter(Object(CodeIgniter\CodeIgniter))
 9 FCPATH\index.php(56): CodeIgniter\Boot::bootWeb(Object(Config\Paths))
10 ROOTPATH\index.php(7): require_once('D:\\x8\\htdocs\\thecup\\public\\index.php')
CRITICAL - 2026-01-27 04:49:44 --> ParseError: syntax error, unexpected double-quote mark, expecting "-" or identifier or variable or number
[Method: GET, Route: cart/recipient/1]
in APPPATH\Controllers\CartController.php on line 993.
 1 SYSTEMPATH\Autoloader\Autoloader.php(296): CodeIgniter\Autoloader\Autoloader->includeFile('D:\\x8\\htdocs\\thecup\\app\\Controllers\\CartController.php')
 2 SYSTEMPATH\Autoloader\Autoloader.php(272): CodeIgniter\Autoloader\Autoloader->loadInNamespace('App\\Controllers\\CartController')
 3 [internal function]: CodeIgniter\Autoloader\Autoloader->loadClass('App\\Controllers\\CartController')
 4 SYSTEMPATH\CodeIgniter.php(887): class_exists('\\App\\Controllers\\CartController', true)
 5 SYSTEMPATH\CodeIgniter.php(496): CodeIgniter\CodeIgniter->startController()
 6 SYSTEMPATH\CodeIgniter.php(355): CodeIgniter\CodeIgniter->handleRequest(null, Object(Config\Cache), false)
 7 SYSTEMPATH\Boot.php(325): CodeIgniter\CodeIgniter->run()
 8 SYSTEMPATH\Boot.php(67): CodeIgniter\Boot::runCodeIgniter(Object(CodeIgniter\CodeIgniter))
 9 FCPATH\index.php(56): CodeIgniter\Boot::bootWeb(Object(Config\Paths))
10 ROOTPATH\index.php(7): require_once('D:\\x8\\htdocs\\thecup\\public\\index.php')
CRITICAL - 2026-01-27 04:51:01 --> ParseError: syntax error, unexpected double-quote mark, expecting "-" or identifier or variable or number
[Method: GET, Route: cart/recipient/2]
in APPPATH\Controllers\CartController.php on line 993.
 1 SYSTEMPATH\Autoloader\Autoloader.php(296): CodeIgniter\Autoloader\Autoloader->includeFile('D:\\x8\\htdocs\\thecup\\app\\Controllers\\CartController.php')
 2 SYSTEMPATH\Autoloader\Autoloader.php(272): CodeIgniter\Autoloader\Autoloader->loadInNamespace('App\\Controllers\\CartController')
 3 [internal function]: CodeIgniter\Autoloader\Autoloader->loadClass('App\\Controllers\\CartController')
 4 SYSTEMPATH\CodeIgniter.php(887): class_exists('\\App\\Controllers\\CartController', true)
 5 SYSTEMPATH\CodeIgniter.php(496): CodeIgniter\CodeIgniter->startController()
 6 SYSTEMPATH\CodeIgniter.php(355): CodeIgniter\CodeIgniter->handleRequest(null, Object(Config\Cache), false)
 7 SYSTEMPATH\Boot.php(325): CodeIgniter\CodeIgniter->run()
 8 SYSTEMPATH\Boot.php(67): CodeIgniter\Boot::runCodeIgniter(Object(CodeIgniter\CodeIgniter))
 9 FCPATH\index.php(56): CodeIgniter\Boot::bootWeb(Object(Config\Paths))
10 ROOTPATH\index.php(7): require_once('D:\\x8\\htdocs\\thecup\\public\\index.php')
CRITICAL - 2026-01-27 04:51:04 --> ParseError: syntax error, unexpected double-quote mark, expecting "-" or identifier or variable or number
[Method: GET, Route: cart/recipient/2]
in APPPATH\Controllers\CartController.php on line 993.
 1 SYSTEMPATH\Autoloader\Autoloader.php(296): CodeIgniter\Autoloader\Autoloader->includeFile('D:\\x8\\htdocs\\thecup\\app\\Controllers\\CartController.php')
 2 SYSTEMPATH\Autoloader\Autoloader.php(272): CodeIgniter\Autoloader\Autoloader->loadInNamespace('App\\Controllers\\CartController')
 3 [internal function]: CodeIgniter\Autoloader\Autoloader->loadClass('App\\Controllers\\CartController')
 4 SYSTEMPATH\CodeIgniter.php(887): class_exists('\\App\\Controllers\\CartController', true)
 5 SYSTEMPATH\CodeIgniter.php(496): CodeIgniter\CodeIgniter->startController()
 6 SYSTEMPATH\CodeIgniter.php(355): CodeIgniter\CodeIgniter->handleRequest(null, Object(Config\Cache), false)
 7 SYSTEMPATH\Boot.php(325): CodeIgniter\CodeIgniter->run()
 8 SYSTEMPATH\Boot.php(67): CodeIgniter\Boot::runCodeIgniter(Object(CodeIgniter\CodeIgniter))
 9 FCPATH\index.php(56): CodeIgniter\Boot::bootWeb(Object(Config\Paths))
10 ROOTPATH\index.php(7): require_once('D:\\x8\\htdocs\\thecup\\public\\index.php')
CRITICAL - 2026-01-27 04:51:23 --> ParseError: syntax error, unexpected double-quote mark, expecting "-" or identifier or variable or number
[Method: GET, Route: cart/maintain]
in APPPATH\Controllers\CartController.php on line 993.
 1 SYSTEMPATH\Autoloader\Autoloader.php(296): CodeIgniter\Autoloader\Autoloader->includeFile('D:\\x8\\htdocs\\thecup\\app\\Controllers\\CartController.php')
 2 SYSTEMPATH\Autoloader\Autoloader.php(272): CodeIgniter\Autoloader\Autoloader->loadInNamespace('App\\Controllers\\CartController')
 3 [internal function]: CodeIgniter\Autoloader\Autoloader->loadClass('App\\Controllers\\CartController')
 4 SYSTEMPATH\CodeIgniter.php(887): class_exists('\\App\\Controllers\\CartController', true)
 5 SYSTEMPATH\CodeIgniter.php(496): CodeIgniter\CodeIgniter->startController()
 6 SYSTEMPATH\CodeIgniter.php(355): CodeIgniter\CodeIgniter->handleRequest(null, Object(Config\Cache), false)
 7 SYSTEMPATH\Boot.php(325): CodeIgniter\CodeIgniter->run()
 8 SYSTEMPATH\Boot.php(67): CodeIgniter\Boot::runCodeIgniter(Object(CodeIgniter\CodeIgniter))
 9 FCPATH\index.php(56): CodeIgniter\Boot::bootWeb(Object(Config\Paths))
10 ROOTPATH\index.php(7): require_once('D:\\x8\\htdocs\\thecup\\public\\index.php')
CRITICAL - 2026-01-27 04:51:26 --> ParseError: syntax error, unexpected double-quote mark, expecting "-" or identifier or variable or number
[Method: GET, Route: cart/recipient/2]
in APPPATH\Controllers\CartController.php on line 993.
 1 SYSTEMPATH\Autoloader\Autoloader.php(296): CodeIgniter\Autoloader\Autoloader->includeFile('D:\\x8\\htdocs\\thecup\\app\\Controllers\\CartController.php')
 2 SYSTEMPATH\Autoloader\Autoloader.php(272): CodeIgniter\Autoloader\Autoloader->loadInNamespace('App\\Controllers\\CartController')
 3 [internal function]: CodeIgniter\Autoloader\Autoloader->loadClass('App\\Controllers\\CartController')
 4 SYSTEMPATH\CodeIgniter.php(887): class_exists('\\App\\Controllers\\CartController', true)
 5 SYSTEMPATH\CodeIgniter.php(496): CodeIgniter\CodeIgniter->startController()
 6 SYSTEMPATH\CodeIgniter.php(355): CodeIgniter\CodeIgniter->handleRequest(null, Object(Config\Cache), false)
 7 SYSTEMPATH\Boot.php(325): CodeIgniter\CodeIgniter->run()
 8 SYSTEMPATH\Boot.php(67): CodeIgniter\Boot::runCodeIgniter(Object(CodeIgniter\CodeIgniter))
 9 FCPATH\index.php(56): CodeIgniter\Boot::bootWeb(Object(Config\Paths))
10 ROOTPATH\index.php(7): require_once('D:\\x8\\htdocs\\thecup\\public\\index.php')
CRITICAL - 2026-01-27 04:52:55 --> ParseError: syntax error, unexpected string content "", expecting "-" or identifier or variable or number
[Method: GET, Route: cart/recipient/2]
in APPPATH\Controllers\CartController.php on line 1027.
 1 SYSTEMPATH\Autoloader\Autoloader.php(296): CodeIgniter\Autoloader\Autoloader->includeFile('D:\\x8\\htdocs\\thecup\\app\\Controllers\\CartController.php')
 2 SYSTEMPATH\Autoloader\Autoloader.php(272): CodeIgniter\Autoloader\Autoloader->loadInNamespace('App\\Controllers\\CartController')
 3 [internal function]: CodeIgniter\Autoloader\Autoloader->loadClass('App\\Controllers\\CartController')
 4 SYSTEMPATH\CodeIgniter.php(887): class_exists('\\App\\Controllers\\CartController', true)
 5 SYSTEMPATH\CodeIgniter.php(496): CodeIgniter\CodeIgniter->startController()
 6 SYSTEMPATH\CodeIgniter.php(355): CodeIgniter\CodeIgniter->handleRequest(null, Object(Config\Cache), false)
 7 SYSTEMPATH\Boot.php(325): CodeIgniter\CodeIgniter->run()
 8 SYSTEMPATH\Boot.php(67): CodeIgniter\Boot::runCodeIgniter(Object(CodeIgniter\CodeIgniter))
 9 FCPATH\index.php(56): CodeIgniter\Boot::bootWeb(Object(Config\Paths))
10 ROOTPATH\index.php(7): require_once('D:\\x8\\htdocs\\thecup\\public\\index.php')
CRITICAL - 2026-01-27 04:54:52 --> ParseError: syntax error, unexpected double-quote mark, expecting "-" or identifier or variable or number
[Method: GET, Route: cart/recipient/2]
in APPPATH\Controllers\CartController.php on line 993.
 1 SYSTEMPATH\Autoloader\Autoloader.php(296): CodeIgniter\Autoloader\Autoloader->includeFile('D:\\x8\\htdocs\\thecup\\app\\Controllers\\CartController.php')
 2 SYSTEMPATH\Autoloader\Autoloader.php(272): CodeIgniter\Autoloader\Autoloader->loadInNamespace('App\\Controllers\\CartController')
 3 [internal function]: CodeIgniter\Autoloader\Autoloader->loadClass('App\\Controllers\\CartController')
 4 SYSTEMPATH\CodeIgniter.php(887): class_exists('\\App\\Controllers\\CartController', true)
 5 SYSTEMPATH\CodeIgniter.php(496): CodeIgniter\CodeIgniter->startController()
 6 SYSTEMPATH\CodeIgniter.php(355): CodeIgniter\CodeIgniter->handleRequest(null, Object(Config\Cache), false)
 7 SYSTEMPATH\Boot.php(325): CodeIgniter\CodeIgniter->run()
 8 SYSTEMPATH\Boot.php(67): CodeIgniter\Boot::runCodeIgniter(Object(CodeIgniter\CodeIgniter))
 9 FCPATH\index.php(56): CodeIgniter\Boot::bootWeb(Object(Config\Paths))
10 ROOTPATH\index.php(7): require_once('D:\\x8\\htdocs\\thecup\\public\\index.php')
CRITICAL - 2026-01-27 04:55:08 --> ParseError: syntax error, unexpected double-quote mark, expecting "-" or identifier or variable or number
[Method: GET, Route: cart/recipient/2]
in APPPATH\Controllers\CartController.php on line 993.
 1 SYSTEMPATH\Autoloader\Autoloader.php(296): CodeIgniter\Autoloader\Autoloader->includeFile('D:\\x8\\htdocs\\thecup\\app\\Controllers\\CartController.php')
 2 SYSTEMPATH\Autoloader\Autoloader.php(272): CodeIgniter\Autoloader\Autoloader->loadInNamespace('App\\Controllers\\CartController')
 3 [internal function]: CodeIgniter\Autoloader\Autoloader->loadClass('App\\Controllers\\CartController')
 4 SYSTEMPATH\CodeIgniter.php(887): class_exists('\\App\\Controllers\\CartController', true)
 5 SYSTEMPATH\CodeIgniter.php(496): CodeIgniter\CodeIgniter->startController()
 6 SYSTEMPATH\CodeIgniter.php(355): CodeIgniter\CodeIgniter->handleRequest(null, Object(Config\Cache), false)
 7 SYSTEMPATH\Boot.php(325): CodeIgniter\CodeIgniter->run()
 8 SYSTEMPATH\Boot.php(67): CodeIgniter\Boot::runCodeIgniter(Object(CodeIgniter\CodeIgniter))
 9 FCPATH\index.php(56): CodeIgniter\Boot::bootWeb(Object(Config\Paths))
10 ROOTPATH\index.php(7): require_once('D:\\x8\\htdocs\\thecup\\public\\index.php')
CRITICAL - 2026-01-27 04:56:14 --> ParseError: syntax error, unexpected string content "", expecting "-" or identifier or variable or number
[Method: GET, Route: cart/recipient/2]
in APPPATH\Controllers\CartController.php on line 1039.
 1 SYSTEMPATH\Autoloader\Autoloader.php(296): CodeIgniter\Autoloader\Autoloader->includeFile('D:\\x8\\htdocs\\thecup\\app\\Controllers\\CartController.php')
 2 SYSTEMPATH\Autoloader\Autoloader.php(272): CodeIgniter\Autoloader\Autoloader->loadInNamespace('App\\Controllers\\CartController')
 3 [internal function]: CodeIgniter\Autoloader\Autoloader->loadClass('App\\Controllers\\CartController')
 4 SYSTEMPATH\CodeIgniter.php(887): class_exists('\\App\\Controllers\\CartController', true)
 5 SYSTEMPATH\CodeIgniter.php(496): CodeIgniter\CodeIgniter->startController()
 6 SYSTEMPATH\CodeIgniter.php(355): CodeIgniter\CodeIgniter->handleRequest(null, Object(Config\Cache), false)
 7 SYSTEMPATH\Boot.php(325): CodeIgniter\CodeIgniter->run()
 8 SYSTEMPATH\Boot.php(67): CodeIgniter\Boot::runCodeIgniter(Object(CodeIgniter\CodeIgniter))
 9 FCPATH\index.php(56): CodeIgniter\Boot::bootWeb(Object(Config\Paths))
10 ROOTPATH\index.php(7): require_once('D:\\x8\\htdocs\\thecup\\public\\index.php')
CRITICAL - 2026-01-27 04:56:46 --> ParseError: syntax error, unexpected double-quote mark, expecting "-" or identifier or variable or number
[Method: GET, Route: cart/recipient/2]
in APPPATH\Controllers\CartController.php on line 993.
 1 SYSTEMPATH\Autoloader\Autoloader.php(296): CodeIgniter\Autoloader\Autoloader->includeFile('D:\\x8\\htdocs\\thecup\\app\\Controllers\\CartController.php')
 2 SYSTEMPATH\Autoloader\Autoloader.php(272): CodeIgniter\Autoloader\Autoloader->loadInNamespace('App\\Controllers\\CartController')
 3 [internal function]: CodeIgniter\Autoloader\Autoloader->loadClass('App\\Controllers\\CartController')
 4 SYSTEMPATH\CodeIgniter.php(887): class_exists('\\App\\Controllers\\CartController', true)
 5 SYSTEMPATH\CodeIgniter.php(496): CodeIgniter\CodeIgniter->startController()
 6 SYSTEMPATH\CodeIgniter.php(355): CodeIgniter\CodeIgniter->handleRequest(null, Object(Config\Cache), false)
 7 SYSTEMPATH\Boot.php(325): CodeIgniter\CodeIgniter->run()
 8 SYSTEMPATH\Boot.php(67): CodeIgniter\Boot::runCodeIgniter(Object(CodeIgniter\CodeIgniter))
 9 FCPATH\index.php(56): CodeIgniter\Boot::bootWeb(Object(Config\Paths))
10 ROOTPATH\index.php(7): require_once('D:\\x8\\htdocs\\thecup\\public\\index.php')
CRITICAL - 2026-01-27 04:58:07 --> ParseError: syntax error, unexpected double-quote mark, expecting "-" or identifier or variable or number
[Method: GET, Route: cart/recipient/2]
in APPPATH\Controllers\CartController.php on line 993.
 1 SYSTEMPATH\Autoloader\Autoloader.php(296): CodeIgniter\Autoloader\Autoloader->includeFile('D:\\x8\\htdocs\\thecup\\app\\Controllers\\CartController.php')
 2 SYSTEMPATH\Autoloader\Autoloader.php(272): CodeIgniter\Autoloader\Autoloader->loadInNamespace('App\\Controllers\\CartController')
 3 [internal function]: CodeIgniter\Autoloader\Autoloader->loadClass('App\\Controllers\\CartController')
 4 SYSTEMPATH\CodeIgniter.php(887): class_exists('\\App\\Controllers\\CartController', true)
 5 SYSTEMPATH\CodeIgniter.php(496): CodeIgniter\CodeIgniter->startController()
 6 SYSTEMPATH\CodeIgniter.php(355): CodeIgniter\CodeIgniter->handleRequest(null, Object(Config\Cache), false)
 7 SYSTEMPATH\Boot.php(325): CodeIgniter\CodeIgniter->run()
 8 SYSTEMPATH\Boot.php(67): CodeIgniter\Boot::runCodeIgniter(Object(CodeIgniter\CodeIgniter))
 9 FCPATH\index.php(56): CodeIgniter\Boot::bootWeb(Object(Config\Paths))
10 ROOTPATH\index.php(7): require_once('D:\\x8\\htdocs\\thecup\\public\\index.php')
CRITICAL - 2026-01-27 04:58:45 --> ParseError: syntax error, unexpected double-quote mark, expecting "-" or identifier or variable or number
[Method: GET, Route: cart/recipient/2]
in APPPATH\Controllers\CartController.php on line 993.
 1 SYSTEMPATH\Autoloader\Autoloader.php(296): CodeIgniter\Autoloader\Autoloader->includeFile('D:\\x8\\htdocs\\thecup\\app\\Controllers\\CartController.php')
 2 SYSTEMPATH\Autoloader\Autoloader.php(272): CodeIgniter\Autoloader\Autoloader->loadInNamespace('App\\Controllers\\CartController')
 3 [internal function]: CodeIgniter\Autoloader\Autoloader->loadClass('App\\Controllers\\CartController')
 4 SYSTEMPATH\CodeIgniter.php(887): class_exists('\\App\\Controllers\\CartController', true)
 5 SYSTEMPATH\CodeIgniter.php(496): CodeIgniter\CodeIgniter->startController()
 6 SYSTEMPATH\CodeIgniter.php(355): CodeIgniter\CodeIgniter->handleRequest(null, Object(Config\Cache), false)
 7 SYSTEMPATH\Boot.php(325): CodeIgniter\CodeIgniter->run()
 8 SYSTEMPATH\Boot.php(67): CodeIgniter\Boot::runCodeIgniter(Object(CodeIgniter\CodeIgniter))
 9 FCPATH\index.php(56): CodeIgniter\Boot::bootWeb(Object(Config\Paths))
10 ROOTPATH\index.php(7): require_once('D:\\x8\\htdocs\\thecup\\public\\index.php')
CRITICAL - 2026-01-27 04:59:10 --> ParseError: syntax error, unexpected double-quote mark, expecting "-" or identifier or variable or number
[Method: GET, Route: cart/recipient/2]
in APPPATH\Controllers\CartController.php on line 993.
 1 SYSTEMPATH\Autoloader\Autoloader.php(296): CodeIgniter\Autoloader\Autoloader->includeFile('D:\\x8\\htdocs\\thecup\\app\\Controllers\\CartController.php')
 2 SYSTEMPATH\Autoloader\Autoloader.php(272): CodeIgniter\Autoloader\Autoloader->loadInNamespace('App\\Controllers\\CartController')
 3 [internal function]: CodeIgniter\Autoloader\Autoloader->loadClass('App\\Controllers\\CartController')
 4 SYSTEMPATH\CodeIgniter.php(887): class_exists('\\App\\Controllers\\CartController', true)
 5 SYSTEMPATH\CodeIgniter.php(496): CodeIgniter\CodeIgniter->startController()
 6 SYSTEMPATH\CodeIgniter.php(355): CodeIgniter\CodeIgniter->handleRequest(null, Object(Config\Cache), false)
 7 SYSTEMPATH\Boot.php(325): CodeIgniter\CodeIgniter->run()
 8 SYSTEMPATH\Boot.php(67): CodeIgniter\Boot::runCodeIgniter(Object(CodeIgniter\CodeIgniter))
 9 FCPATH\index.php(56): CodeIgniter\Boot::bootWeb(Object(Config\Paths))
10 ROOTPATH\index.php(7): require_once('D:\\x8\\htdocs\\thecup\\public\\index.php')
CRITICAL - 2026-01-27 04:59:38 --> ParseError: syntax error, unexpected double-quote mark, expecting "-" or identifier or variable or number
[Method: GET, Route: cart/recipient/2]
in APPPATH\Controllers\CartController.php on line 993.
 1 SYSTEMPATH\Autoloader\Autoloader.php(296): CodeIgniter\Autoloader\Autoloader->includeFile('D:\\x8\\htdocs\\thecup\\app\\Controllers\\CartController.php')
 2 SYSTEMPATH\Autoloader\Autoloader.php(272): CodeIgniter\Autoloader\Autoloader->loadInNamespace('App\\Controllers\\CartController')
 3 [internal function]: CodeIgniter\Autoloader\Autoloader->loadClass('App\\Controllers\\CartController')
 4 SYSTEMPATH\CodeIgniter.php(887): class_exists('\\App\\Controllers\\CartController', true)
 5 SYSTEMPATH\CodeIgniter.php(496): CodeIgniter\CodeIgniter->startController()
 6 SYSTEMPATH\CodeIgniter.php(355): CodeIgniter\CodeIgniter->handleRequest(null, Object(Config\Cache), false)
 7 SYSTEMPATH\Boot.php(325): CodeIgniter\CodeIgniter->run()
 8 SYSTEMPATH\Boot.php(67): CodeIgniter\Boot::runCodeIgniter(Object(CodeIgniter\CodeIgniter))
 9 FCPATH\index.php(56): CodeIgniter\Boot::bootWeb(Object(Config\Paths))
10 ROOTPATH\index.php(7): require_once('D:\\x8\\htdocs\\thecup\\public\\index.php')
CRITICAL - 2026-01-27 05:00:02 --> ParseError: syntax error, unexpected string content "", expecting "-" or identifier or variable or number
[Method: GET, Route: cart/recipient/2]
in APPPATH\Controllers\CartController.php on line 1018.
 1 SYSTEMPATH\Autoloader\Autoloader.php(296): CodeIgniter\Autoloader\Autoloader->includeFile('D:\\x8\\htdocs\\thecup\\app\\Controllers\\CartController.php')
 2 SYSTEMPATH\Autoloader\Autoloader.php(272): CodeIgniter\Autoloader\Autoloader->loadInNamespace('App\\Controllers\\CartController')
 3 [internal function]: CodeIgniter\Autoloader\Autoloader->loadClass('App\\Controllers\\CartController')
 4 SYSTEMPATH\CodeIgniter.php(887): class_exists('\\App\\Controllers\\CartController', true)
 5 SYSTEMPATH\CodeIgniter.php(496): CodeIgniter\CodeIgniter->startController()
 6 SYSTEMPATH\CodeIgniter.php(355): CodeIgniter\CodeIgniter->handleRequest(null, Object(Config\Cache), false)
 7 SYSTEMPATH\Boot.php(325): CodeIgniter\CodeIgniter->run()
 8 SYSTEMPATH\Boot.php(67): CodeIgniter\Boot::runCodeIgniter(Object(CodeIgniter\CodeIgniter))
 9 FCPATH\index.php(56): CodeIgniter\Boot::bootWeb(Object(Config\Paths))
10 ROOTPATH\index.php(7): require_once('D:\\x8\\htdocs\\thecup\\public\\index.php')
CRITICAL - 2026-01-27 05:02:00 --> ParseError: syntax error, unexpected string content "", expecting "-" or identifier or variable or number
[Method: GET, Route: cart/recipient/2]
in APPPATH\Controllers\CartController.php on line 1039.
 1 SYSTEMPATH\Autoloader\Autoloader.php(296): CodeIgniter\Autoloader\Autoloader->includeFile('D:\\x8\\htdocs\\thecup\\app\\Controllers\\CartController.php')
 2 SYSTEMPATH\Autoloader\Autoloader.php(272): CodeIgniter\Autoloader\Autoloader->loadInNamespace('App\\Controllers\\CartController')
 3 [internal function]: CodeIgniter\Autoloader\Autoloader->loadClass('App\\Controllers\\CartController')
 4 SYSTEMPATH\CodeIgniter.php(887): class_exists('\\App\\Controllers\\CartController', true)
 5 SYSTEMPATH\CodeIgniter.php(496): CodeIgniter\CodeIgniter->startController()
 6 SYSTEMPATH\CodeIgniter.php(355): CodeIgniter\CodeIgniter->handleRequest(null, Object(Config\Cache), false)
 7 SYSTEMPATH\Boot.php(325): CodeIgniter\CodeIgniter->run()
 8 SYSTEMPATH\Boot.php(67): CodeIgniter\Boot::runCodeIgniter(Object(CodeIgniter\CodeIgniter))
 9 FCPATH\index.php(56): CodeIgniter\Boot::bootWeb(Object(Config\Paths))
10 ROOTPATH\index.php(7): require_once('D:\\x8\\htdocs\\thecup\\public\\index.php')
CRITICAL - 2026-01-27 05:02:22 --> ParseError: syntax error, unexpected double-quote mark, expecting "-" or identifier or variable or number
[Method: GET, Route: cart/recipient/2]
in APPPATH\Controllers\CartController.php on line 993.
 1 SYSTEMPATH\Autoloader\Autoloader.php(296): CodeIgniter\Autoloader\Autoloader->includeFile('D:\\x8\\htdocs\\thecup\\app\\Controllers\\CartController.php')
 2 SYSTEMPATH\Autoloader\Autoloader.php(272): CodeIgniter\Autoloader\Autoloader->loadInNamespace('App\\Controllers\\CartController')
 3 [internal function]: CodeIgniter\Autoloader\Autoloader->loadClass('App\\Controllers\\CartController')
 4 SYSTEMPATH\CodeIgniter.php(887): class_exists('\\App\\Controllers\\CartController', true)
 5 SYSTEMPATH\CodeIgniter.php(496): CodeIgniter\CodeIgniter->startController()
 6 SYSTEMPATH\CodeIgniter.php(355): CodeIgniter\CodeIgniter->handleRequest(null, Object(Config\Cache), false)
 7 SYSTEMPATH\Boot.php(325): CodeIgniter\CodeIgniter->run()
 8 SYSTEMPATH\Boot.php(67): CodeIgniter\Boot::runCodeIgniter(Object(CodeIgniter\CodeIgniter))
 9 FCPATH\index.php(56): CodeIgniter\Boot::bootWeb(Object(Config\Paths))
10 ROOTPATH\index.php(7): require_once('D:\\x8\\htdocs\\thecup\\public\\index.php')
CRITICAL - 2026-01-27 05:03:13 --> ParseError: syntax error, unexpected string content "", expecting "-" or identifier or variable or number
[Method: GET, Route: cart/recipient/2]
in APPPATH\Controllers\CartController.php on line 1039.
 1 SYSTEMPATH\Autoloader\Autoloader.php(296): CodeIgniter\Autoloader\Autoloader->includeFile('D:\\x8\\htdocs\\thecup\\app\\Controllers\\CartController.php')
 2 SYSTEMPATH\Autoloader\Autoloader.php(272): CodeIgniter\Autoloader\Autoloader->loadInNamespace('App\\Controllers\\CartController')
 3 [internal function]: CodeIgniter\Autoloader\Autoloader->loadClass('App\\Controllers\\CartController')
 4 SYSTEMPATH\CodeIgniter.php(887): class_exists('\\App\\Controllers\\CartController', true)
 5 SYSTEMPATH\CodeIgniter.php(496): CodeIgniter\CodeIgniter->startController()
 6 SYSTEMPATH\CodeIgniter.php(355): CodeIgniter\CodeIgniter->handleRequest(null, Object(Config\Cache), false)
 7 SYSTEMPATH\Boot.php(325): CodeIgniter\CodeIgniter->run()
 8 SYSTEMPATH\Boot.php(67): CodeIgniter\Boot::runCodeIgniter(Object(CodeIgniter\CodeIgniter))
 9 FCPATH\index.php(56): CodeIgniter\Boot::bootWeb(Object(Config\Paths))
10 ROOTPATH\index.php(7): require_once('D:\\x8\\htdocs\\thecup\\public\\index.php')
CRITICAL - 2026-01-27 05:03:49 --> ParseError: syntax error, unexpected token "-", expecting "]"
[Method: GET, Route: cart/recipient/2]
in APPPATH\Controllers\CartController.php on line 1100.
 1 SYSTEMPATH\Autoloader\Autoloader.php(296): CodeIgniter\Autoloader\Autoloader->includeFile('D:\\x8\\htdocs\\thecup\\app\\Controllers\\CartController.php')
 2 SYSTEMPATH\Autoloader\Autoloader.php(272): CodeIgniter\Autoloader\Autoloader->loadInNamespace('App\\Controllers\\CartController')
 3 [internal function]: CodeIgniter\Autoloader\Autoloader->loadClass('App\\Controllers\\CartController')
 4 SYSTEMPATH\CodeIgniter.php(887): class_exists('\\App\\Controllers\\CartController', true)
 5 SYSTEMPATH\CodeIgniter.php(496): CodeIgniter\CodeIgniter->startController()
 6 SYSTEMPATH\CodeIgniter.php(355): CodeIgniter\CodeIgniter->handleRequest(null, Object(Config\Cache), false)
 7 SYSTEMPATH\Boot.php(325): CodeIgniter\CodeIgniter->run()
 8 SYSTEMPATH\Boot.php(67): CodeIgniter\Boot::runCodeIgniter(Object(CodeIgniter\CodeIgniter))
 9 FCPATH\index.php(56): CodeIgniter\Boot::bootWeb(Object(Config\Paths))
10 ROOTPATH\index.php(7): require_once('D:\\x8\\htdocs\\thecup\\public\\index.php')
CRITICAL - 2026-01-27 05:05:50 --> ErrorException: Undefined array key 0
[Method: GET, Route: cart/recipient/2]
in APPPATH\Views\front-end\recipient\index.php on line 61.
 1 APPPATH\Views\front-end\recipient\index.php(61): CodeIgniter\Debug\Exceptions->errorHandler(2, 'Undefined array key 0', 'D:\\x8\\htdocs\\thecup\\app\\Views\\front-end\\recipient\\index.php', 61)
 2 APPPATH\Views\front-end\main.php(12): include('D:\\x8\\htdocs\\thecup\\app\\Views\\front-end\\recipient\\index.php')
 3 SYSTEMPATH\View\View.php(234): include('D:\\x8\\htdocs\\thecup\\app\\Views\\front-end\\main.php')
 4 SYSTEMPATH\View\View.php(237): CodeIgniter\View\View->CodeIgniter\View\{closure}()
 5 SYSTEMPATH\Common.php(1171): CodeIgniter\View\View->render('front-end/main', [], true)
 6 APPPATH\Controllers\CartController.php(53): view('front-end/main', [...])
 7 SYSTEMPATH\CodeIgniter.php(933): App\Controllers\CartController->recipient('2')
 8 SYSTEMPATH\CodeIgniter.php(509): CodeIgniter\CodeIgniter->runController(Object(App\Controllers\CartController))
 9 SYSTEMPATH\CodeIgniter.php(355): CodeIgniter\CodeIgniter->handleRequest(null, Object(Config\Cache), false)
10 SYSTEMPATH\Boot.php(325): CodeIgniter\CodeIgniter->run()
11 SYSTEMPATH\Boot.php(67): CodeIgniter\Boot::runCodeIgniter(Object(CodeIgniter\CodeIgniter))
12 FCPATH\index.php(56): CodeIgniter\Boot::bootWeb(Object(Config\Paths))
13 ROOTPATH\index.php(7): require_once('D:\\x8\\htdocs\\thecup\\public\\index.php')
CRITICAL - 2026-01-27 05:08:13 --> ErrorException: Undefined array key 2
[Method: GET, Route: cart/recipient/2]
in APPPATH\Views\front-end\recipient\index.php on line 163.
 1 APPPATH\Views\front-end\recipient\index.php(163): CodeIgniter\Debug\Exceptions->errorHandler(2, 'Undefined array key 2', 'D:\\x8\\htdocs\\thecup\\app\\Views\\front-end\\recipient\\index.php', 163)
 2 APPPATH\Views\front-end\main.php(12): include('D:\\x8\\htdocs\\thecup\\app\\Views\\front-end\\recipient\\index.php')
 3 SYSTEMPATH\View\View.php(234): include('D:\\x8\\htdocs\\thecup\\app\\Views\\front-end\\main.php')
 4 SYSTEMPATH\View\View.php(237): CodeIgniter\View\View->CodeIgniter\View\{closure}()
 5 SYSTEMPATH\Common.php(1171): CodeIgniter\View\View->render('front-end/main', [], true)
 6 APPPATH\Controllers\CartController.php(53): view('front-end/main', [...])
 7 SYSTEMPATH\CodeIgniter.php(933): App\Controllers\CartController->recipient('2')
 8 SYSTEMPATH\CodeIgniter.php(509): CodeIgniter\CodeIgniter->runController(Object(App\Controllers\CartController))
 9 SYSTEMPATH\CodeIgniter.php(355): CodeIgniter\CodeIgniter->handleRequest(null, Object(Config\Cache), false)
10 SYSTEMPATH\Boot.php(325): CodeIgniter\CodeIgniter->run()
11 SYSTEMPATH\Boot.php(67): CodeIgniter\Boot::runCodeIgniter(Object(CodeIgniter\CodeIgniter))
12 FCPATH\index.php(56): CodeIgniter\Boot::bootWeb(Object(Config\Paths))
13 ROOTPATH\index.php(7): require_once('D:\\x8\\htdocs\\thecup\\public\\index.php')
CRITICAL - 2026-01-27 05:09:01 --> ErrorException: Undefined array key 2
[Method: GET, Route: cart/recipient/2]
in APPPATH\Views\front-end\recipient\index.php on line 188.
 1 APPPATH\Views\front-end\recipient\index.php(188): CodeIgniter\Debug\Exceptions->errorHandler(2, 'Undefined array key 2', 'D:\\x8\\htdocs\\thecup\\app\\Views\\front-end\\recipient\\index.php', 188)
 2 APPPATH\Views\front-end\main.php(12): include('D:\\x8\\htdocs\\thecup\\app\\Views\\front-end\\recipient\\index.php')
 3 SYSTEMPATH\View\View.php(234): include('D:\\x8\\htdocs\\thecup\\app\\Views\\front-end\\main.php')
 4 SYSTEMPATH\View\View.php(237): CodeIgniter\View\View->CodeIgniter\View\{closure}()
 5 SYSTEMPATH\Common.php(1171): CodeIgniter\View\View->render('front-end/main', [], true)
 6 APPPATH\Controllers\CartController.php(53): view('front-end/main', [...])
 7 SYSTEMPATH\CodeIgniter.php(933): App\Controllers\CartController->recipient('2')
 8 SYSTEMPATH\CodeIgniter.php(509): CodeIgniter\CodeIgniter->runController(Object(App\Controllers\CartController))
 9 SYSTEMPATH\CodeIgniter.php(355): CodeIgniter\CodeIgniter->handleRequest(null, Object(Config\Cache), false)
10 SYSTEMPATH\Boot.php(325): CodeIgniter\CodeIgniter->run()
11 SYSTEMPATH\Boot.php(67): CodeIgniter\Boot::runCodeIgniter(Object(CodeIgniter\CodeIgniter))
12 FCPATH\index.php(56): CodeIgniter\Boot::bootWeb(Object(Config\Paths))
13 ROOTPATH\index.php(7): require_once('D:\\x8\\htdocs\\thecup\\public\\index.php')
CRITICAL - 2026-01-27 05:09:24 --> ErrorException: Undefined array key 2
[Method: GET, Route: cart/recipient/2]
in APPPATH\Views\front-end\recipient\index.php on line 191.
 1 APPPATH\Views\front-end\recipient\index.php(191): CodeIgniter\Debug\Exceptions->errorHandler(2, 'Undefined array key 2', 'D:\\x8\\htdocs\\thecup\\app\\Views\\front-end\\recipient\\index.php', 191)
 2 APPPATH\Views\front-end\main.php(12): include('D:\\x8\\htdocs\\thecup\\app\\Views\\front-end\\recipient\\index.php')
 3 SYSTEMPATH\View\View.php(234): include('D:\\x8\\htdocs\\thecup\\app\\Views\\front-end\\main.php')
 4 SYSTEMPATH\View\View.php(237): CodeIgniter\View\View->CodeIgniter\View\{closure}()
 5 SYSTEMPATH\Common.php(1171): CodeIgniter\View\View->render('front-end/main', [], true)
 6 APPPATH\Controllers\CartController.php(53): view('front-end/main', [...])
 7 SYSTEMPATH\CodeIgniter.php(933): App\Controllers\CartController->recipient('2')
 8 SYSTEMPATH\CodeIgniter.php(509): CodeIgniter\CodeIgniter->runController(Object(App\Controllers\CartController))
 9 SYSTEMPATH\CodeIgniter.php(355): CodeIgniter\CodeIgniter->handleRequest(null, Object(Config\Cache), false)
10 SYSTEMPATH\Boot.php(325): CodeIgniter\CodeIgniter->run()
11 SYSTEMPATH\Boot.php(67): CodeIgniter\Boot::runCodeIgniter(Object(CodeIgniter\CodeIgniter))
12 FCPATH\index.php(56): CodeIgniter\Boot::bootWeb(Object(Config\Paths))
13 ROOTPATH\index.php(7): require_once('D:\\x8\\htdocs\\thecup\\public\\index.php')
CRITICAL - 2026-01-27 05:10:07 --> ParseError: syntax error, unexpected token "-", expecting "]"
[Method: GET, Route: cart/recipient/2]
in APPPATH\Controllers\CartController.php on line 1100.
 1 SYSTEMPATH\Autoloader\Autoloader.php(296): CodeIgniter\Autoloader\Autoloader->includeFile('D:\\x8\\htdocs\\thecup\\app\\Controllers\\CartController.php')
 2 SYSTEMPATH\Autoloader\Autoloader.php(272): CodeIgniter\Autoloader\Autoloader->loadInNamespace('App\\Controllers\\CartController')
 3 [internal function]: CodeIgniter\Autoloader\Autoloader->loadClass('App\\Controllers\\CartController')
 4 SYSTEMPATH\CodeIgniter.php(887): class_exists('\\App\\Controllers\\CartController', true)
 5 SYSTEMPATH\CodeIgniter.php(496): CodeIgniter\CodeIgniter->startController()
 6 SYSTEMPATH\CodeIgniter.php(355): CodeIgniter\CodeIgniter->handleRequest(null, Object(Config\Cache), false)
 7 SYSTEMPATH\Boot.php(325): CodeIgniter\CodeIgniter->run()
 8 SYSTEMPATH\Boot.php(67): CodeIgniter\Boot::runCodeIgniter(Object(CodeIgniter\CodeIgniter))
 9 FCPATH\index.php(56): CodeIgniter\Boot::bootWeb(Object(Config\Paths))
10 ROOTPATH\index.php(7): require_once('D:\\x8\\htdocs\\thecup\\public\\index.php')
CRITICAL - 2026-01-27 05:11:51 --> ParseError: syntax error, unexpected string content "", expecting "-" or identifier or variable or number
[Method: GET, Route: cart/recipient/2]
in APPPATH\Controllers\CartController.php on line 1102.
 1 SYSTEMPATH\Autoloader\Autoloader.php(296): CodeIgniter\Autoloader\Autoloader->includeFile('D:\\x8\\htdocs\\thecup\\app\\Controllers\\CartController.php')
 2 SYSTEMPATH\Autoloader\Autoloader.php(272): CodeIgniter\Autoloader\Autoloader->loadInNamespace('App\\Controllers\\CartController')
 3 [internal function]: CodeIgniter\Autoloader\Autoloader->loadClass('App\\Controllers\\CartController')
 4 SYSTEMPATH\CodeIgniter.php(887): class_exists('\\App\\Controllers\\CartController', true)
 5 SYSTEMPATH\CodeIgniter.php(496): CodeIgniter\CodeIgniter->startController()
 6 SYSTEMPATH\CodeIgniter.php(355): CodeIgniter\CodeIgniter->handleRequest(null, Object(Config\Cache), false)
 7 SYSTEMPATH\Boot.php(325): CodeIgniter\CodeIgniter->run()
 8 SYSTEMPATH\Boot.php(67): CodeIgniter\Boot::runCodeIgniter(Object(CodeIgniter\CodeIgniter))
 9 FCPATH\index.php(56): CodeIgniter\Boot::bootWeb(Object(Config\Paths))
10 ROOTPATH\index.php(7): require_once('D:\\x8\\htdocs\\thecup\\public\\index.php')
CRITICAL - 2026-01-27 05:12:48 --> ParseError: syntax error, unexpected string content "", expecting "-" or identifier or variable or number
[Method: GET, Route: cart/recipient/2]
in APPPATH\Controllers\CartController.php on line 1102.
 1 SYSTEMPATH\Autoloader\Autoloader.php(296): CodeIgniter\Autoloader\Autoloader->includeFile('D:\\x8\\htdocs\\thecup\\app\\Controllers\\CartController.php')
 2 SYSTEMPATH\Autoloader\Autoloader.php(272): CodeIgniter\Autoloader\Autoloader->loadInNamespace('App\\Controllers\\CartController')
 3 [internal function]: CodeIgniter\Autoloader\Autoloader->loadClass('App\\Controllers\\CartController')
 4 SYSTEMPATH\CodeIgniter.php(887): class_exists('\\App\\Controllers\\CartController', true)
 5 SYSTEMPATH\CodeIgniter.php(496): CodeIgniter\CodeIgniter->startController()
 6 SYSTEMPATH\CodeIgniter.php(355): CodeIgniter\CodeIgniter->handleRequest(null, Object(Config\Cache), false)
 7 SYSTEMPATH\Boot.php(325): CodeIgniter\CodeIgniter->run()
 8 SYSTEMPATH\Boot.php(67): CodeIgniter\Boot::runCodeIgniter(Object(CodeIgniter\CodeIgniter))
 9 FCPATH\index.php(56): CodeIgniter\Boot::bootWeb(Object(Config\Paths))
10 ROOTPATH\index.php(7): require_once('D:\\x8\\htdocs\\thecup\\public\\index.php')
CRITICAL - 2026-01-27 05:13:47 --> ParseError: syntax error, unexpected double-quote mark, expecting "-" or identifier or variable or number
[Method: GET, Route: cart/recipient/2]
in APPPATH\Controllers\CartController.php on line 993.
 1 SYSTEMPATH\Autoloader\Autoloader.php(296): CodeIgniter\Autoloader\Autoloader->includeFile('D:\\x8\\htdocs\\thecup\\app\\Controllers\\CartController.php')
 2 SYSTEMPATH\Autoloader\Autoloader.php(272): CodeIgniter\Autoloader\Autoloader->loadInNamespace('App\\Controllers\\CartController')
 3 [internal function]: CodeIgniter\Autoloader\Autoloader->loadClass('App\\Controllers\\CartController')
 4 SYSTEMPATH\CodeIgniter.php(887): class_exists('\\App\\Controllers\\CartController', true)
 5 SYSTEMPATH\CodeIgniter.php(496): CodeIgniter\CodeIgniter->startController()
 6 SYSTEMPATH\CodeIgniter.php(355): CodeIgniter\CodeIgniter->handleRequest(null, Object(Config\Cache), false)
 7 SYSTEMPATH\Boot.php(325): CodeIgniter\CodeIgniter->run()
 8 SYSTEMPATH\Boot.php(67): CodeIgniter\Boot::runCodeIgniter(Object(CodeIgniter\CodeIgniter))
 9 FCPATH\index.php(56): CodeIgniter\Boot::bootWeb(Object(Config\Paths))
10 ROOTPATH\index.php(7): require_once('D:\\x8\\htdocs\\thecup\\public\\index.php')
CRITICAL - 2026-01-27 05:26:30 --> ParseError: syntax error, unexpected double-quote mark, expecting "-" or identifier or variable or number
[Method: GET, Route: cart/maintain]
in APPPATH\Controllers\CartController.php on line 993.
 1 SYSTEMPATH\Autoloader\Autoloader.php(296): CodeIgniter\Autoloader\Autoloader->includeFile('D:\\x8\\htdocs\\thecup\\app\\Controllers\\CartController.php')
 2 SYSTEMPATH\Autoloader\Autoloader.php(272): CodeIgniter\Autoloader\Autoloader->loadInNamespace('App\\Controllers\\CartController')
 3 [internal function]: CodeIgniter\Autoloader\Autoloader->loadClass('App\\Controllers\\CartController')
 4 SYSTEMPATH\CodeIgniter.php(887): class_exists('\\App\\Controllers\\CartController', true)
 5 SYSTEMPATH\CodeIgniter.php(496): CodeIgniter\CodeIgniter->startController()
 6 SYSTEMPATH\CodeIgniter.php(355): CodeIgniter\CodeIgniter->handleRequest(null, Object(Config\Cache), false)
 7 SYSTEMPATH\Boot.php(325): CodeIgniter\CodeIgniter->run()
 8 SYSTEMPATH\Boot.php(67): CodeIgniter\Boot::runCodeIgniter(Object(CodeIgniter\CodeIgniter))
 9 FCPATH\index.php(56): CodeIgniter\Boot::bootWeb(Object(Config\Paths))
10 ROOTPATH\index.php(7): require_once('D:\\x8\\htdocs\\thecup\\public\\index.php')
CRITICAL - 2026-01-27 05:26:36 --> ParseError: syntax error, unexpected double-quote mark, expecting "-" or identifier or variable or number
[Method: GET, Route: cart/recipient/1]
in APPPATH\Controllers\CartController.php on line 993.
 1 SYSTEMPATH\Autoloader\Autoloader.php(296): CodeIgniter\Autoloader\Autoloader->includeFile('D:\\x8\\htdocs\\thecup\\app\\Controllers\\CartController.php')
 2 SYSTEMPATH\Autoloader\Autoloader.php(272): CodeIgniter\Autoloader\Autoloader->loadInNamespace('App\\Controllers\\CartController')
 3 [internal function]: CodeIgniter\Autoloader\Autoloader->loadClass('App\\Controllers\\CartController')
 4 SYSTEMPATH\CodeIgniter.php(887): class_exists('\\App\\Controllers\\CartController', true)
 5 SYSTEMPATH\CodeIgniter.php(496): CodeIgniter\CodeIgniter->startController()
 6 SYSTEMPATH\CodeIgniter.php(355): CodeIgniter\CodeIgniter->handleRequest(null, Object(Config\Cache), false)
 7 SYSTEMPATH\Boot.php(325): CodeIgniter\CodeIgniter->run()
 8 SYSTEMPATH\Boot.php(67): CodeIgniter\Boot::runCodeIgniter(Object(CodeIgniter\CodeIgniter))
 9 FCPATH\index.php(56): CodeIgniter\Boot::bootWeb(Object(Config\Paths))
10 ROOTPATH\index.php(7): require_once('D:\\x8\\htdocs\\thecup\\public\\index.php')
CRITICAL - 2026-01-27 05:28:04 --> ParseError: syntax error, unexpected double-quote mark, expecting "-" or identifier or variable or number
[Method: GET, Route: cart/recipient/1]
in APPPATH\Controllers\CartController.php on line 993.
 1 SYSTEMPATH\Autoloader\Autoloader.php(296): CodeIgniter\Autoloader\Autoloader->includeFile('D:\\x8\\htdocs\\thecup\\app\\Controllers\\CartController.php')
 2 SYSTEMPATH\Autoloader\Autoloader.php(272): CodeIgniter\Autoloader\Autoloader->loadInNamespace('App\\Controllers\\CartController')
 3 [internal function]: CodeIgniter\Autoloader\Autoloader->loadClass('App\\Controllers\\CartController')
 4 SYSTEMPATH\CodeIgniter.php(887): class_exists('\\App\\Controllers\\CartController', true)
 5 SYSTEMPATH\CodeIgniter.php(496): CodeIgniter\CodeIgniter->startController()
 6 SYSTEMPATH\CodeIgniter.php(355): CodeIgniter\CodeIgniter->handleRequest(null, Object(Config\Cache), false)
 7 SYSTEMPATH\Boot.php(325): CodeIgniter\CodeIgniter->run()
 8 SYSTEMPATH\Boot.php(67): CodeIgniter\Boot::runCodeIgniter(Object(CodeIgniter\CodeIgniter))
 9 FCPATH\index.php(56): CodeIgniter\Boot::bootWeb(Object(Config\Paths))
10 ROOTPATH\index.php(7): require_once('D:\\x8\\htdocs\\thecup\\public\\index.php')
CRITICAL - 2026-01-27 05:29:36 --> ParseError: syntax error, unexpected double-quote mark, expecting "-" or identifier or variable or number
[Method: GET, Route: cart/recipient/1]
in APPPATH\Controllers\CartController.php on line 993.
 1 SYSTEMPATH\Autoloader\Autoloader.php(296): CodeIgniter\Autoloader\Autoloader->includeFile('D:\\x8\\htdocs\\thecup\\app\\Controllers\\CartController.php')
 2 SYSTEMPATH\Autoloader\Autoloader.php(272): CodeIgniter\Autoloader\Autoloader->loadInNamespace('App\\Controllers\\CartController')
 3 [internal function]: CodeIgniter\Autoloader\Autoloader->loadClass('App\\Controllers\\CartController')
 4 SYSTEMPATH\CodeIgniter.php(887): class_exists('\\App\\Controllers\\CartController', true)
 5 SYSTEMPATH\CodeIgniter.php(496): CodeIgniter\CodeIgniter->startController()
 6 SYSTEMPATH\CodeIgniter.php(355): CodeIgniter\CodeIgniter->handleRequest(null, Object(Config\Cache), false)
 7 SYSTEMPATH\Boot.php(325): CodeIgniter\CodeIgniter->run()
 8 SYSTEMPATH\Boot.php(67): CodeIgniter\Boot::runCodeIgniter(Object(CodeIgniter\CodeIgniter))
 9 FCPATH\index.php(56): CodeIgniter\Boot::bootWeb(Object(Config\Paths))
10 ROOTPATH\index.php(7): require_once('D:\\x8\\htdocs\\thecup\\public\\index.php')
CRITICAL - 2026-01-27 05:30:11 --> ParseError: syntax error, unexpected double-quote mark, expecting "-" or identifier or variable or number
[Method: GET, Route: cart/recipient/1]
in APPPATH\Controllers\CartController.php on line 991.
 1 SYSTEMPATH\Autoloader\Autoloader.php(296): CodeIgniter\Autoloader\Autoloader->includeFile('D:\\x8\\htdocs\\thecup\\app\\Controllers\\CartController.php')
 2 SYSTEMPATH\Autoloader\Autoloader.php(272): CodeIgniter\Autoloader\Autoloader->loadInNamespace('App\\Controllers\\CartController')
 3 [internal function]: CodeIgniter\Autoloader\Autoloader->loadClass('App\\Controllers\\CartController')
 4 SYSTEMPATH\CodeIgniter.php(887): class_exists('\\App\\Controllers\\CartController', true)
 5 SYSTEMPATH\CodeIgniter.php(496): CodeIgniter\CodeIgniter->startController()
 6 SYSTEMPATH\CodeIgniter.php(355): CodeIgniter\CodeIgniter->handleRequest(null, Object(Config\Cache), false)
 7 SYSTEMPATH\Boot.php(325): CodeIgniter\CodeIgniter->run()
 8 SYSTEMPATH\Boot.php(67): CodeIgniter\Boot::runCodeIgniter(Object(CodeIgniter\CodeIgniter))
 9 FCPATH\index.php(56): CodeIgniter\Boot::bootWeb(Object(Config\Paths))
10 ROOTPATH\index.php(7): require_once('D:\\x8\\htdocs\\thecup\\public\\index.php')
CRITICAL - 2026-01-27 05:31:56 --> ParseError: syntax error, unexpected double-quote mark, expecting "-" or identifier or variable or number
[Method: GET, Route: cart/recipient/1]
in APPPATH\Controllers\CartController.php on line 993.
 1 SYSTEMPATH\Autoloader\Autoloader.php(296): CodeIgniter\Autoloader\Autoloader->includeFile('D:\\x8\\htdocs\\thecup\\app\\Controllers\\CartController.php')
 2 SYSTEMPATH\Autoloader\Autoloader.php(272): CodeIgniter\Autoloader\Autoloader->loadInNamespace('App\\Controllers\\CartController')
 3 [internal function]: CodeIgniter\Autoloader\Autoloader->loadClass('App\\Controllers\\CartController')
 4 SYSTEMPATH\CodeIgniter.php(887): class_exists('\\App\\Controllers\\CartController', true)
 5 SYSTEMPATH\CodeIgniter.php(496): CodeIgniter\CodeIgniter->startController()
 6 SYSTEMPATH\CodeIgniter.php(355): CodeIgniter\CodeIgniter->handleRequest(null, Object(Config\Cache), false)
 7 SYSTEMPATH\Boot.php(325): CodeIgniter\CodeIgniter->run()
 8 SYSTEMPATH\Boot.php(67): CodeIgniter\Boot::runCodeIgniter(Object(CodeIgniter\CodeIgniter))
 9 FCPATH\index.php(56): CodeIgniter\Boot::bootWeb(Object(Config\Paths))
10 ROOTPATH\index.php(7): require_once('D:\\x8\\htdocs\\thecup\\public\\index.php')
CRITICAL - 2026-01-27 05:32:21 --> ParseError: syntax error, unexpected string content "", expecting "-" or identifier or variable or number
[Method: GET, Route: cart/recipient/1]
in APPPATH\Controllers\CartController.php on line 1038.
 1 SYSTEMPATH\Autoloader\Autoloader.php(296): CodeIgniter\Autoloader\Autoloader->includeFile('D:\\x8\\htdocs\\thecup\\app\\Controllers\\CartController.php')
 2 SYSTEMPATH\Autoloader\Autoloader.php(272): CodeIgniter\Autoloader\Autoloader->loadInNamespace('App\\Controllers\\CartController')
 3 [internal function]: CodeIgniter\Autoloader\Autoloader->loadClass('App\\Controllers\\CartController')
 4 SYSTEMPATH\CodeIgniter.php(887): class_exists('\\App\\Controllers\\CartController', true)
 5 SYSTEMPATH\CodeIgniter.php(496): CodeIgniter\CodeIgniter->startController()
 6 SYSTEMPATH\CodeIgniter.php(355): CodeIgniter\CodeIgniter->handleRequest(null, Object(Config\Cache), false)
 7 SYSTEMPATH\Boot.php(325): CodeIgniter\CodeIgniter->run()
 8 SYSTEMPATH\Boot.php(67): CodeIgniter\Boot::runCodeIgniter(Object(CodeIgniter\CodeIgniter))
 9 FCPATH\index.php(56): CodeIgniter\Boot::bootWeb(Object(Config\Paths))
10 ROOTPATH\index.php(7): require_once('D:\\x8\\htdocs\\thecup\\public\\index.php')
CRITICAL - 2026-01-27 05:33:15 --> ParseError: syntax error, unexpected token "-", expecting "]"
[Method: GET, Route: cart/recipient/1]
in APPPATH\Controllers\CartController.php on line 1099.
 1 SYSTEMPATH\Autoloader\Autoloader.php(296): CodeIgniter\Autoloader\Autoloader->includeFile('D:\\x8\\htdocs\\thecup\\app\\Controllers\\CartController.php')
 2 SYSTEMPATH\Autoloader\Autoloader.php(272): CodeIgniter\Autoloader\Autoloader->loadInNamespace('App\\Controllers\\CartController')
 3 [internal function]: CodeIgniter\Autoloader\Autoloader->loadClass('App\\Controllers\\CartController')
 4 SYSTEMPATH\CodeIgniter.php(887): class_exists('\\App\\Controllers\\CartController', true)
 5 SYSTEMPATH\CodeIgniter.php(496): CodeIgniter\CodeIgniter->startController()
 6 SYSTEMPATH\CodeIgniter.php(355): CodeIgniter\CodeIgniter->handleRequest(null, Object(Config\Cache), false)
 7 SYSTEMPATH\Boot.php(325): CodeIgniter\CodeIgniter->run()
 8 SYSTEMPATH\Boot.php(67): CodeIgniter\Boot::runCodeIgniter(Object(CodeIgniter\CodeIgniter))
 9 FCPATH\index.php(56): CodeIgniter\Boot::bootWeb(Object(Config\Paths))
10 ROOTPATH\index.php(7): require_once('D:\\x8\\htdocs\\thecup\\public\\index.php')
CRITICAL - 2026-01-27 05:33:48 --> ParseError: syntax error, unexpected string content "", expecting "-" or identifier or variable or number
[Method: GET, Route: cart/recipient/1]
in APPPATH\Controllers\CartController.php on line 1101.
 1 SYSTEMPATH\Autoloader\Autoloader.php(296): CodeIgniter\Autoloader\Autoloader->includeFile('D:\\x8\\htdocs\\thecup\\app\\Controllers\\CartController.php')
 2 SYSTEMPATH\Autoloader\Autoloader.php(272): CodeIgniter\Autoloader\Autoloader->loadInNamespace('App\\Controllers\\CartController')
 3 [internal function]: CodeIgniter\Autoloader\Autoloader->loadClass('App\\Controllers\\CartController')
 4 SYSTEMPATH\CodeIgniter.php(887): class_exists('\\App\\Controllers\\CartController', true)
 5 SYSTEMPATH\CodeIgniter.php(496): CodeIgniter\CodeIgniter->startController()
 6 SYSTEMPATH\CodeIgniter.php(355): CodeIgniter\CodeIgniter->handleRequest(null, Object(Config\Cache), false)
 7 SYSTEMPATH\Boot.php(325): CodeIgniter\CodeIgniter->run()
 8 SYSTEMPATH\Boot.php(67): CodeIgniter\Boot::runCodeIgniter(Object(CodeIgniter\CodeIgniter))
 9 FCPATH\index.php(56): CodeIgniter\Boot::bootWeb(Object(Config\Paths))
10 ROOTPATH\index.php(7): require_once('D:\\x8\\htdocs\\thecup\\public\\index.php')
CRITICAL - 2026-01-27 05:34:27 --> ParseError: syntax error, unexpected string content "", expecting "-" or identifier or variable or number
[Method: GET, Route: cart/recipient/1]
in APPPATH\Controllers\CartController.php on line 1101.
 1 SYSTEMPATH\Autoloader\Autoloader.php(296): CodeIgniter\Autoloader\Autoloader->includeFile('D:\\x8\\htdocs\\thecup\\app\\Controllers\\CartController.php')
 2 SYSTEMPATH\Autoloader\Autoloader.php(272): CodeIgniter\Autoloader\Autoloader->loadInNamespace('App\\Controllers\\CartController')
 3 [internal function]: CodeIgniter\Autoloader\Autoloader->loadClass('App\\Controllers\\CartController')
 4 SYSTEMPATH\CodeIgniter.php(887): class_exists('\\App\\Controllers\\CartController', true)
 5 SYSTEMPATH\CodeIgniter.php(496): CodeIgniter\CodeIgniter->startController()
 6 SYSTEMPATH\CodeIgniter.php(355): CodeIgniter\CodeIgniter->handleRequest(null, Object(Config\Cache), false)
 7 SYSTEMPATH\Boot.php(325): CodeIgniter\CodeIgniter->run()
 8 SYSTEMPATH\Boot.php(67): CodeIgniter\Boot::runCodeIgniter(Object(CodeIgniter\CodeIgniter))
 9 FCPATH\index.php(56): CodeIgniter\Boot::bootWeb(Object(Config\Paths))
10 ROOTPATH\index.php(7): require_once('D:\\x8\\htdocs\\thecup\\public\\index.php')
CRITICAL - 2026-01-27 05:34:44 --> ParseError: syntax error, unexpected string content "", expecting "-" or identifier or variable or number
[Method: GET, Route: cart/recipient/1]
in APPPATH\Controllers\CartController.php on line 1128.
 1 SYSTEMPATH\Autoloader\Autoloader.php(296): CodeIgniter\Autoloader\Autoloader->includeFile('D:\\x8\\htdocs\\thecup\\app\\Controllers\\CartController.php')
 2 SYSTEMPATH\Autoloader\Autoloader.php(272): CodeIgniter\Autoloader\Autoloader->loadInNamespace('App\\Controllers\\CartController')
 3 [internal function]: CodeIgniter\Autoloader\Autoloader->loadClass('App\\Controllers\\CartController')
 4 SYSTEMPATH\CodeIgniter.php(887): class_exists('\\App\\Controllers\\CartController', true)
 5 SYSTEMPATH\CodeIgniter.php(496): CodeIgniter\CodeIgniter->startController()
 6 SYSTEMPATH\CodeIgniter.php(355): CodeIgniter\CodeIgniter->handleRequest(null, Object(Config\Cache), false)
 7 SYSTEMPATH\Boot.php(325): CodeIgniter\CodeIgniter->run()
 8 SYSTEMPATH\Boot.php(67): CodeIgniter\Boot::runCodeIgniter(Object(CodeIgniter\CodeIgniter))
 9 FCPATH\index.php(56): CodeIgniter\Boot::bootWeb(Object(Config\Paths))
10 ROOTPATH\index.php(7): require_once('D:\\x8\\htdocs\\thecup\\public\\index.php')
CRITICAL - 2026-01-27 05:35:06 --> ParseError: syntax error, unexpected token "-", expecting "]"
[Method: GET, Route: cart/recipient/1]
in APPPATH\Controllers\CartController.php on line 1152.
 1 SYSTEMPATH\Autoloader\Autoloader.php(296): CodeIgniter\Autoloader\Autoloader->includeFile('D:\\x8\\htdocs\\thecup\\app\\Controllers\\CartController.php')
 2 SYSTEMPATH\Autoloader\Autoloader.php(272): CodeIgniter\Autoloader\Autoloader->loadInNamespace('App\\Controllers\\CartController')
 3 [internal function]: CodeIgniter\Autoloader\Autoloader->loadClass('App\\Controllers\\CartController')
 4 SYSTEMPATH\CodeIgniter.php(887): class_exists('\\App\\Controllers\\CartController', true)
 5 SYSTEMPATH\CodeIgniter.php(496): CodeIgniter\CodeIgniter->startController()
 6 SYSTEMPATH\CodeIgniter.php(355): CodeIgniter\CodeIgniter->handleRequest(null, Object(Config\Cache), false)
 7 SYSTEMPATH\Boot.php(325): CodeIgniter\CodeIgniter->run()
 8 SYSTEMPATH\Boot.php(67): CodeIgniter\Boot::runCodeIgniter(Object(CodeIgniter\CodeIgniter))
 9 FCPATH\index.php(56): CodeIgniter\Boot::bootWeb(Object(Config\Paths))
10 ROOTPATH\index.php(7): require_once('D:\\x8\\htdocs\\thecup\\public\\index.php')
CRITICAL - 2026-01-27 05:35:29 --> ParseError: syntax error, unexpected token ".", expecting "->" or "?->" or "{" or "["
[Method: GET, Route: cart/recipient/1]
in APPPATH\Controllers\CartController.php on line 1152.
 1 SYSTEMPATH\Autoloader\Autoloader.php(296): CodeIgniter\Autoloader\Autoloader->includeFile('D:\\x8\\htdocs\\thecup\\app\\Controllers\\CartController.php')
 2 SYSTEMPATH\Autoloader\Autoloader.php(272): CodeIgniter\Autoloader\Autoloader->loadInNamespace('App\\Controllers\\CartController')
 3 [internal function]: CodeIgniter\Autoloader\Autoloader->loadClass('App\\Controllers\\CartController')
 4 SYSTEMPATH\CodeIgniter.php(887): class_exists('\\App\\Controllers\\CartController', true)
 5 SYSTEMPATH\CodeIgniter.php(496): CodeIgniter\CodeIgniter->startController()
 6 SYSTEMPATH\CodeIgniter.php(355): CodeIgniter\CodeIgniter->handleRequest(null, Object(Config\Cache), false)
 7 SYSTEMPATH\Boot.php(325): CodeIgniter\CodeIgniter->run()
 8 SYSTEMPATH\Boot.php(67): CodeIgniter\Boot::runCodeIgniter(Object(CodeIgniter\CodeIgniter))
 9 FCPATH\index.php(56): CodeIgniter\Boot::bootWeb(Object(Config\Paths))
10 ROOTPATH\index.php(7): require_once('D:\\x8\\htdocs\\thecup\\public\\index.php')
CRITICAL - 2026-01-27 05:36:21 --> ParseError: syntax error, unexpected token "-", expecting "]"
[Method: GET, Route: cart/recipient/1]
in APPPATH\Controllers\CartController.php on line 1175.
 1 SYSTEMPATH\Autoloader\Autoloader.php(296): CodeIgniter\Autoloader\Autoloader->includeFile('D:\\x8\\htdocs\\thecup\\app\\Controllers\\CartController.php')
 2 SYSTEMPATH\Autoloader\Autoloader.php(272): CodeIgniter\Autoloader\Autoloader->loadInNamespace('App\\Controllers\\CartController')
 3 [internal function]: CodeIgniter\Autoloader\Autoloader->loadClass('App\\Controllers\\CartController')
 4 SYSTEMPATH\CodeIgniter.php(887): class_exists('\\App\\Controllers\\CartController', true)
 5 SYSTEMPATH\CodeIgniter.php(496): CodeIgniter\CodeIgniter->startController()
 6 SYSTEMPATH\CodeIgniter.php(355): CodeIgniter\CodeIgniter->handleRequest(null, Object(Config\Cache), false)
 7 SYSTEMPATH\Boot.php(325): CodeIgniter\CodeIgniter->run()
 8 SYSTEMPATH\Boot.php(67): CodeIgniter\Boot::runCodeIgniter(Object(CodeIgniter\CodeIgniter))
 9 FCPATH\index.php(56): CodeIgniter\Boot::bootWeb(Object(Config\Paths))
10 ROOTPATH\index.php(7): require_once('D:\\x8\\htdocs\\thecup\\public\\index.php')
CRITICAL - 2026-01-27 05:36:48 --> ParseError: Unclosed '{' on line 952
[Method: GET, Route: cart/recipient/1]
in APPPATH\Controllers\CartController.php on line 1182.
 1 SYSTEMPATH\Autoloader\Autoloader.php(296): CodeIgniter\Autoloader\Autoloader->includeFile('D:\\x8\\htdocs\\thecup\\app\\Controllers\\CartController.php')
 2 SYSTEMPATH\Autoloader\Autoloader.php(272): CodeIgniter\Autoloader\Autoloader->loadInNamespace('App\\Controllers\\CartController')
 3 [internal function]: CodeIgniter\Autoloader\Autoloader->loadClass('App\\Controllers\\CartController')
 4 SYSTEMPATH\CodeIgniter.php(887): class_exists('\\App\\Controllers\\CartController', true)
 5 SYSTEMPATH\CodeIgniter.php(496): CodeIgniter\CodeIgniter->startController()
 6 SYSTEMPATH\CodeIgniter.php(355): CodeIgniter\CodeIgniter->handleRequest(null, Object(Config\Cache), false)
 7 SYSTEMPATH\Boot.php(325): CodeIgniter\CodeIgniter->run()
 8 SYSTEMPATH\Boot.php(67): CodeIgniter\Boot::runCodeIgniter(Object(CodeIgniter\CodeIgniter))
 9 FCPATH\index.php(56): CodeIgniter\Boot::bootWeb(Object(Config\Paths))
10 ROOTPATH\index.php(7): require_once('D:\\x8\\htdocs\\thecup\\public\\index.php')
CRITICAL - 2026-01-27 05:38:26 --> ParseError: Unclosed '{' on line 952
[Method: GET, Route: cart/recipient/1]
in APPPATH\Controllers\CartController.php on line 1182.
 1 SYSTEMPATH\Autoloader\Autoloader.php(296): CodeIgniter\Autoloader\Autoloader->includeFile('D:\\x8\\htdocs\\thecup\\app\\Controllers\\CartController.php')
 2 SYSTEMPATH\Autoloader\Autoloader.php(272): CodeIgniter\Autoloader\Autoloader->loadInNamespace('App\\Controllers\\CartController')
 3 [internal function]: CodeIgniter\Autoloader\Autoloader->loadClass('App\\Controllers\\CartController')
 4 SYSTEMPATH\CodeIgniter.php(887): class_exists('\\App\\Controllers\\CartController', true)
 5 SYSTEMPATH\CodeIgniter.php(496): CodeIgniter\CodeIgniter->startController()
 6 SYSTEMPATH\CodeIgniter.php(355): CodeIgniter\CodeIgniter->handleRequest(null, Object(Config\Cache), false)
 7 SYSTEMPATH\Boot.php(325): CodeIgniter\CodeIgniter->run()
 8 SYSTEMPATH\Boot.php(67): CodeIgniter\Boot::runCodeIgniter(Object(CodeIgniter\CodeIgniter))
 9 FCPATH\index.php(56): CodeIgniter\Boot::bootWeb(Object(Config\Paths))
10 ROOTPATH\index.php(7): require_once('D:\\x8\\htdocs\\thecup\\public\\index.php')
CRITICAL - 2026-01-27 05:40:53 --> ErrorException: Undefined array key 0
[Method: GET, Route: cart/recipient/1]
in APPPATH\Views\front-end\recipient\index.php on line 61.
 1 APPPATH\Views\front-end\recipient\index.php(61): CodeIgniter\Debug\Exceptions->errorHandler(2, 'Undefined array key 0', 'D:\\x8\\htdocs\\thecup\\app\\Views\\front-end\\recipient\\index.php', 61)
 2 APPPATH\Views\front-end\main.php(12): include('D:\\x8\\htdocs\\thecup\\app\\Views\\front-end\\recipient\\index.php')
 3 SYSTEMPATH\View\View.php(234): include('D:\\x8\\htdocs\\thecup\\app\\Views\\front-end\\main.php')
 4 SYSTEMPATH\View\View.php(237): CodeIgniter\View\View->CodeIgniter\View\{closure}()
 5 SYSTEMPATH\Common.php(1171): CodeIgniter\View\View->render('front-end/main', [], true)
 6 APPPATH\Controllers\CartController.php(52): view('front-end/main', [...])
 7 SYSTEMPATH\CodeIgniter.php(933): App\Controllers\CartController->recipient('1')
 8 SYSTEMPATH\CodeIgniter.php(509): CodeIgniter\CodeIgniter->runController(Object(App\Controllers\CartController))
 9 SYSTEMPATH\CodeIgniter.php(355): CodeIgniter\CodeIgniter->handleRequest(null, Object(Config\Cache), false)
10 SYSTEMPATH\Boot.php(325): CodeIgniter\CodeIgniter->run()
11 SYSTEMPATH\Boot.php(67): CodeIgniter\Boot::runCodeIgniter(Object(CodeIgniter\CodeIgniter))
12 FCPATH\index.php(56): CodeIgniter\Boot::bootWeb(Object(Config\Paths))
13 ROOTPATH\index.php(7): require_once('D:\\x8\\htdocs\\thecup\\public\\index.php')
CRITICAL - 2026-01-27 05:43:25 --> ParseError: syntax error, unexpected token "-", expecting "]"
[Method: GET, Route: cart/recipient/1]
in APPPATH\Controllers\CartController.php on line 758.
 1 SYSTEMPATH\Autoloader\Autoloader.php(296): CodeIgniter\Autoloader\Autoloader->includeFile('D:\\x8\\htdocs\\thecup\\app\\Controllers\\CartController.php')
 2 SYSTEMPATH\Autoloader\Autoloader.php(272): CodeIgniter\Autoloader\Autoloader->loadInNamespace('App\\Controllers\\CartController')
 3 [internal function]: CodeIgniter\Autoloader\Autoloader->loadClass('App\\Controllers\\CartController')
 4 SYSTEMPATH\CodeIgniter.php(887): class_exists('\\App\\Controllers\\CartController', true)
 5 SYSTEMPATH\CodeIgniter.php(496): CodeIgniter\CodeIgniter->startController()
 6 SYSTEMPATH\CodeIgniter.php(355): CodeIgniter\CodeIgniter->handleRequest(null, Object(Config\Cache), false)
 7 SYSTEMPATH\Boot.php(325): CodeIgniter\CodeIgniter->run()
 8 SYSTEMPATH\Boot.php(67): CodeIgniter\Boot::runCodeIgniter(Object(CodeIgniter\CodeIgniter))
 9 FCPATH\index.php(56): CodeIgniter\Boot::bootWeb(Object(Config\Paths))
10 ROOTPATH\index.php(7): require_once('D:\\x8\\htdocs\\thecup\\public\\index.php')
CRITICAL - 2026-01-27 05:45:37 --> ParseError: syntax error, unexpected token ";", expecting ")"
[Method: GET, Route: cart]
in APPPATH\Views\front-end\cart\index.php on line 93.
 1 SYSTEMPATH\View\View.php(234): include()
 2 SYSTEMPATH\View\View.php(237): CodeIgniter\View\View->CodeIgniter\View\{closure}()
 3 SYSTEMPATH\Common.php(1171): CodeIgniter\View\View->render('front-end/main', [], true)
 4 APPPATH\Controllers\CartController.php(34): view('front-end/main', [...])
 5 SYSTEMPATH\CodeIgniter.php(933): App\Controllers\CartController->index()
 6 SYSTEMPATH\CodeIgniter.php(509): CodeIgniter\CodeIgniter->runController(Object(App\Controllers\CartController))
 7 SYSTEMPATH\CodeIgniter.php(355): CodeIgniter\CodeIgniter->handleRequest(null, Object(Config\Cache), false)
 8 SYSTEMPATH\Boot.php(325): CodeIgniter\CodeIgniter->run()
 9 SYSTEMPATH\Boot.php(67): CodeIgniter\Boot::runCodeIgniter(Object(CodeIgniter\CodeIgniter))
10 FCPATH\index.php(56): CodeIgniter\Boot::bootWeb(Object(Config\Paths))
11 ROOTPATH\index.php(7): require_once('D:\\x8\\htdocs\\thecup\\public\\index.php')
CRITICAL - 2026-01-27 05:48:11 --> ErrorException: Undefined array key 1
[Method: GET, Route: cart/saveRecipient]
in APPPATH\Controllers\CartController.php on line 1065.
 1 APPPATH\Controllers\CartController.php(1065): CodeIgniter\Debug\Exceptions->errorHandler(2, 'Undefined array key 1', 'D:\\x8\\htdocs\\thecup\\app\\Controllers\\CartController.php', 1065)
 2 SYSTEMPATH\CodeIgniter.php(933): App\Controllers\CartController->saveRecipient()
 3 SYSTEMPATH\CodeIgniter.php(509): CodeIgniter\CodeIgniter->runController(Object(App\Controllers\CartController))
 4 SYSTEMPATH\CodeIgniter.php(355): CodeIgniter\CodeIgniter->handleRequest(null, Object(Config\Cache), false)
 5 SYSTEMPATH\Boot.php(325): CodeIgniter\CodeIgniter->run()
 6 SYSTEMPATH\Boot.php(67): CodeIgniter\Boot::runCodeIgniter(Object(CodeIgniter\CodeIgniter))
 7 FCPATH\index.php(56): CodeIgniter\Boot::bootWeb(Object(Config\Paths))
 8 ROOTPATH\index.php(7): require_once('D:\\x8\\htdocs\\thecup\\public\\index.php')
CRITICAL - 2026-01-27 05:48:12 --> ErrorException: Undefined array key 1
[Method: GET, Route: cart/saveRecipient]
in APPPATH\Controllers\CartController.php on line 1065.
 1 APPPATH\Controllers\CartController.php(1065): CodeIgniter\Debug\Exceptions->errorHandler(2, 'Undefined array key 1', 'D:\\x8\\htdocs\\thecup\\app\\Controllers\\CartController.php', 1065)
 2 SYSTEMPATH\CodeIgniter.php(933): App\Controllers\CartController->saveRecipient()
 3 SYSTEMPATH\CodeIgniter.php(509): CodeIgniter\CodeIgniter->runController(Object(App\Controllers\CartController))
 4 SYSTEMPATH\CodeIgniter.php(355): CodeIgniter\CodeIgniter->handleRequest(null, Object(Config\Cache), false)
 5 SYSTEMPATH\Boot.php(325): CodeIgniter\CodeIgniter->run()
 6 SYSTEMPATH\Boot.php(67): CodeIgniter\Boot::runCodeIgniter(Object(CodeIgniter\CodeIgniter))
 7 FCPATH\index.php(56): CodeIgniter\Boot::bootWeb(Object(Config\Paths))
 8 ROOTPATH\index.php(7): require_once('D:\\x8\\htdocs\\thecup\\public\\index.php')
CRITICAL - 2026-01-27 05:48:33 --> ErrorException: Undefined array key 1
[Method: GET, Route: cart/saveRecipient]
in APPPATH\Controllers\CartController.php on line 1065.
 1 APPPATH\Controllers\CartController.php(1065): CodeIgniter\Debug\Exceptions->errorHandler(2, 'Undefined array key 1', 'D:\\x8\\htdocs\\thecup\\app\\Controllers\\CartController.php', 1065)
 2 SYSTEMPATH\CodeIgniter.php(933): App\Controllers\CartController->saveRecipient()
 3 SYSTEMPATH\CodeIgniter.php(509): CodeIgniter\CodeIgniter->runController(Object(App\Controllers\CartController))
 4 SYSTEMPATH\CodeIgniter.php(355): CodeIgniter\CodeIgniter->handleRequest(null, Object(Config\Cache), false)
 5 SYSTEMPATH\Boot.php(325): CodeIgniter\CodeIgniter->run()
 6 SYSTEMPATH\Boot.php(67): CodeIgniter\Boot::runCodeIgniter(Object(CodeIgniter\CodeIgniter))
 7 FCPATH\index.php(56): CodeIgniter\Boot::bootWeb(Object(Config\Paths))
 8 ROOTPATH\index.php(7): require_once('D:\\x8\\htdocs\\thecup\\public\\index.php')
CRITICAL - 2026-01-27 05:48:41 --> ErrorException: Undefined array key 1
[Method: GET, Route: cart/saveRecipient]
in APPPATH\Controllers\CartController.php on line 1065.
 1 APPPATH\Controllers\CartController.php(1065): CodeIgniter\Debug\Exceptions->errorHandler(2, 'Undefined array key 1', 'D:\\x8\\htdocs\\thecup\\app\\Controllers\\CartController.php', 1065)
 2 SYSTEMPATH\CodeIgniter.php(933): App\Controllers\CartController->saveRecipient()
 3 SYSTEMPATH\CodeIgniter.php(509): CodeIgniter\CodeIgniter->runController(Object(App\Controllers\CartController))
 4 SYSTEMPATH\CodeIgniter.php(355): CodeIgniter\CodeIgniter->handleRequest(null, Object(Config\Cache), false)
 5 SYSTEMPATH\Boot.php(325): CodeIgniter\CodeIgniter->run()
 6 SYSTEMPATH\Boot.php(67): CodeIgniter\Boot::runCodeIgniter(Object(CodeIgniter\CodeIgniter))
 7 FCPATH\index.php(56): CodeIgniter\Boot::bootWeb(Object(Config\Paths))
 8 ROOTPATH\index.php(7): require_once('D:\\x8\\htdocs\\thecup\\public\\index.php')
CRITICAL - 2026-01-27 05:51:38 --> ErrorException: Undefined variable $custom_price
[Method: GET, Route: cart/saveRecipient]
in APPPATH\Controllers\CartController.php on line 1065.
 1 APPPATH\Controllers\CartController.php(1065): CodeIgniter\Debug\Exceptions->errorHandler(2, 'Undefined variable $custom_price', 'D:\\x8\\htdocs\\thecup\\app\\Controllers\\CartController.php', 1065)
 2 SYSTEMPATH\CodeIgniter.php(933): App\Controllers\CartController->saveRecipient()
 3 SYSTEMPATH\CodeIgniter.php(509): CodeIgniter\CodeIgniter->runController(Object(App\Controllers\CartController))
 4 SYSTEMPATH\CodeIgniter.php(355): CodeIgniter\CodeIgniter->handleRequest(null, Object(Config\Cache), false)
 5 SYSTEMPATH\Boot.php(325): CodeIgniter\CodeIgniter->run()
 6 SYSTEMPATH\Boot.php(67): CodeIgniter\Boot::runCodeIgniter(Object(CodeIgniter\CodeIgniter))
 7 FCPATH\index.php(56): CodeIgniter\Boot::bootWeb(Object(Config\Paths))
 8 ROOTPATH\index.php(7): require_once('D:\\x8\\htdocs\\thecup\\public\\index.php')
CRITICAL - 2026-01-27 05:54:19 --> ErrorException: Undefined variable $custom_price
[Method: GET, Route: cart/saveRecipient]
in APPPATH\Controllers\CartController.php on line 1065.
 1 APPPATH\Controllers\CartController.php(1065): CodeIgniter\Debug\Exceptions->errorHandler(2, 'Undefined variable $custom_price', 'D:\\x8\\htdocs\\thecup\\app\\Controllers\\CartController.php', 1065)
 2 SYSTEMPATH\CodeIgniter.php(933): App\Controllers\CartController->saveRecipient()
 3 SYSTEMPATH\CodeIgniter.php(509): CodeIgniter\CodeIgniter->runController(Object(App\Controllers\CartController))
 4 SYSTEMPATH\CodeIgniter.php(355): CodeIgniter\CodeIgniter->handleRequest(null, Object(Config\Cache), false)
 5 SYSTEMPATH\Boot.php(325): CodeIgniter\CodeIgniter->run()
 6 SYSTEMPATH\Boot.php(67): CodeIgniter\Boot::runCodeIgniter(Object(CodeIgniter\CodeIgniter))
 7 FCPATH\index.php(56): CodeIgniter\Boot::bootWeb(Object(Config\Paths))
 8 ROOTPATH\index.php(7): require_once('D:\\x8\\htdocs\\thecup\\public\\index.php')
CRITICAL - 2026-01-27 05:54:26 --> ErrorException: Undefined variable $custom_price
[Method: GET, Route: cart/saveRecipient]
in APPPATH\Controllers\CartController.php on line 1065.
 1 APPPATH\Controllers\CartController.php(1065): CodeIgniter\Debug\Exceptions->errorHandler(2, 'Undefined variable $custom_price', 'D:\\x8\\htdocs\\thecup\\app\\Controllers\\CartController.php', 1065)
 2 SYSTEMPATH\CodeIgniter.php(933): App\Controllers\CartController->saveRecipient()
 3 SYSTEMPATH\CodeIgniter.php(509): CodeIgniter\CodeIgniter->runController(Object(App\Controllers\CartController))
 4 SYSTEMPATH\CodeIgniter.php(355): CodeIgniter\CodeIgniter->handleRequest(null, Object(Config\Cache), false)
 5 SYSTEMPATH\Boot.php(325): CodeIgniter\CodeIgniter->run()
 6 SYSTEMPATH\Boot.php(67): CodeIgniter\Boot::runCodeIgniter(Object(CodeIgniter\CodeIgniter))
 7 FCPATH\index.php(56): CodeIgniter\Boot::bootWeb(Object(Config\Paths))
 8 ROOTPATH\index.php(7): require_once('D:\\x8\\htdocs\\thecup\\public\\index.php')
CRITICAL - 2026-01-27 05:56:39 --> ErrorException: Undefined array key 1
[Method: GET, Route: cart/saveRecipient]
in APPPATH\Controllers\CartController.php on line 1067.
 1 APPPATH\Controllers\CartController.php(1067): CodeIgniter\Debug\Exceptions->errorHandler(2, 'Undefined array key 1', 'D:\\x8\\htdocs\\thecup\\app\\Controllers\\CartController.php', 1067)
 2 SYSTEMPATH\CodeIgniter.php(933): App\Controllers\CartController->saveRecipient()
 3 SYSTEMPATH\CodeIgniter.php(509): CodeIgniter\CodeIgniter->runController(Object(App\Controllers\CartController))
 4 SYSTEMPATH\CodeIgniter.php(355): CodeIgniter\CodeIgniter->handleRequest(null, Object(Config\Cache), false)
 5 SYSTEMPATH\Boot.php(325): CodeIgniter\CodeIgniter->run()
 6 SYSTEMPATH\Boot.php(67): CodeIgniter\Boot::runCodeIgniter(Object(CodeIgniter\CodeIgniter))
 7 FCPATH\index.php(56): CodeIgniter\Boot::bootWeb(Object(Config\Paths))
 8 ROOTPATH\index.php(7): require_once('D:\\x8\\htdocs\\thecup\\public\\index.php')
CRITICAL - 2026-01-27 05:57:14 --> ErrorException: A non-numeric value encountered
[Method: GET, Route: cart/saveRecipient]
in APPPATH\Controllers\CartController.php on line 1065.
 1 APPPATH\Controllers\CartController.php(1065): CodeIgniter\Debug\Exceptions->errorHandler(2, 'A non-numeric value encountered', 'D:\\x8\\htdocs\\thecup\\app\\Controllers\\CartController.php', 1065)
 2 SYSTEMPATH\CodeIgniter.php(933): App\Controllers\CartController->saveRecipient()
 3 SYSTEMPATH\CodeIgniter.php(509): CodeIgniter\CodeIgniter->runController(Object(App\Controllers\CartController))
 4 SYSTEMPATH\CodeIgniter.php(355): CodeIgniter\CodeIgniter->handleRequest(null, Object(Config\Cache), false)
 5 SYSTEMPATH\Boot.php(325): CodeIgniter\CodeIgniter->run()
 6 SYSTEMPATH\Boot.php(67): CodeIgniter\Boot::runCodeIgniter(Object(CodeIgniter\CodeIgniter))
 7 FCPATH\index.php(56): CodeIgniter\Boot::bootWeb(Object(Config\Paths))
 8 ROOTPATH\index.php(7): require_once('D:\\x8\\htdocs\\thecup\\public\\index.php')
CRITICAL - 2026-01-27 05:59:26 --> ParseError: syntax error, unexpected token ";", expecting ")"
[Method: GET, Route: cart]
in APPPATH\Views\front-end\cart\index.php on line 93.
 1 SYSTEMPATH\View\View.php(234): include()
 2 SYSTEMPATH\View\View.php(237): CodeIgniter\View\View->CodeIgniter\View\{closure}()
 3 SYSTEMPATH\Common.php(1171): CodeIgniter\View\View->render('front-end/main', [], true)
 4 APPPATH\Controllers\CartController.php(34): view('front-end/main', [...])
 5 SYSTEMPATH\CodeIgniter.php(933): App\Controllers\CartController->index()
 6 SYSTEMPATH\CodeIgniter.php(509): CodeIgniter\CodeIgniter->runController(Object(App\Controllers\CartController))
 7 SYSTEMPATH\CodeIgniter.php(355): CodeIgniter\CodeIgniter->handleRequest(null, Object(Config\Cache), false)
 8 SYSTEMPATH\Boot.php(325): CodeIgniter\CodeIgniter->run()
 9 SYSTEMPATH\Boot.php(67): CodeIgniter\Boot::runCodeIgniter(Object(CodeIgniter\CodeIgniter))
10 FCPATH\index.php(56): CodeIgniter\Boot::bootWeb(Object(Config\Paths))
11 ROOTPATH\index.php(7): require_once('D:\\x8\\htdocs\\thecup\\public\\index.php')
CRITICAL - 2026-01-27 06:00:19 --> Error: Cannot use object of type App\Models\AdminProductModel as array
[Method: GET, Route: cart]
in APPPATH\Views\front-end\cart\index.php on line 88.
 1 APPPATH\Views\front-end\main.php(12): include()
 2 SYSTEMPATH\View\View.php(234): include('D:\\x8\\htdocs\\thecup\\app\\Views\\front-end\\main.php')
 3 SYSTEMPATH\View\View.php(237): CodeIgniter\View\View->CodeIgniter\View\{closure}()
 4 SYSTEMPATH\Common.php(1171): CodeIgniter\View\View->render('front-end/main', [], true)
 5 APPPATH\Controllers\CartController.php(34): view('front-end/main', [...])
 6 SYSTEMPATH\CodeIgniter.php(933): App\Controllers\CartController->index()
 7 SYSTEMPATH\CodeIgniter.php(509): CodeIgniter\CodeIgniter->runController(Object(App\Controllers\CartController))
 8 SYSTEMPATH\CodeIgniter.php(355): CodeIgniter\CodeIgniter->handleRequest(null, Object(Config\Cache), false)
 9 SYSTEMPATH\Boot.php(325): CodeIgniter\CodeIgniter->run()
10 SYSTEMPATH\Boot.php(67): CodeIgniter\Boot::runCodeIgniter(Object(CodeIgniter\CodeIgniter))
11 FCPATH\index.php(56): CodeIgniter\Boot::bootWeb(Object(Config\Paths))
12 ROOTPATH\index.php(7): require_once('D:\\x8\\htdocs\\thecup\\public\\index.php')
CRITICAL - 2026-01-27 06:00:54 --> Error: Cannot use object of type App\Models\AdminProductModel as array
[Method: GET, Route: cart]
in APPPATH\Views\front-end\cart\index.php on line 88.
 1 APPPATH\Views\front-end\main.php(12): include()
 2 SYSTEMPATH\View\View.php(234): include('D:\\x8\\htdocs\\thecup\\app\\Views\\front-end\\main.php')
 3 SYSTEMPATH\View\View.php(237): CodeIgniter\View\View->CodeIgniter\View\{closure}()
 4 SYSTEMPATH\Common.php(1171): CodeIgniter\View\View->render('front-end/main', [], true)
 5 APPPATH\Controllers\CartController.php(34): view('front-end/main', [...])
 6 SYSTEMPATH\CodeIgniter.php(933): App\Controllers\CartController->index()
 7 SYSTEMPATH\CodeIgniter.php(509): CodeIgniter\CodeIgniter->runController(Object(App\Controllers\CartController))
 8 SYSTEMPATH\CodeIgniter.php(355): CodeIgniter\CodeIgniter->handleRequest(null, Object(Config\Cache), false)
 9 SYSTEMPATH\Boot.php(325): CodeIgniter\CodeIgniter->run()
10 SYSTEMPATH\Boot.php(67): CodeIgniter\Boot::runCodeIgniter(Object(CodeIgniter\CodeIgniter))
11 FCPATH\index.php(56): CodeIgniter\Boot::bootWeb(Object(Config\Paths))
12 ROOTPATH\index.php(7): require_once('D:\\x8\\htdocs\\thecup\\public\\index.php')
CRITICAL - 2026-01-27 06:05:28 --> ErrorException: Undefined array key "custom_price"
[Method: GET, Route: cart/recipient/2]
in APPPATH\Views\front-end\recipient\index.php on line 16.
 1 APPPATH\Views\front-end\recipient\index.php(16): CodeIgniter\Debug\Exceptions->errorHandler(2, 'Undefined array key "custom_price"', 'D:\\x8\\htdocs\\thecup\\app\\Views\\front-end\\recipient\\index.php', 16)
 2 APPPATH\Views\front-end\main.php(12): include('D:\\x8\\htdocs\\thecup\\app\\Views\\front-end\\recipient\\index.php')
 3 SYSTEMPATH\View\View.php(234): include('D:\\x8\\htdocs\\thecup\\app\\Views\\front-end\\main.php')
 4 SYSTEMPATH\View\View.php(237): CodeIgniter\View\View->CodeIgniter\View\{closure}()
 5 SYSTEMPATH\Common.php(1171): CodeIgniter\View\View->render('front-end/main', [], true)
 6 APPPATH\Controllers\CartController.php(52): view('front-end/main', [...])
 7 SYSTEMPATH\CodeIgniter.php(933): App\Controllers\CartController->recipient('2')
 8 SYSTEMPATH\CodeIgniter.php(509): CodeIgniter\CodeIgniter->runController(Object(App\Controllers\CartController))
 9 SYSTEMPATH\CodeIgniter.php(355): CodeIgniter\CodeIgniter->handleRequest(null, Object(Config\Cache), false)
10 SYSTEMPATH\Boot.php(325): CodeIgniter\CodeIgniter->run()
11 SYSTEMPATH\Boot.php(67): CodeIgniter\Boot::runCodeIgniter(Object(CodeIgniter\CodeIgniter))
12 FCPATH\index.php(56): CodeIgniter\Boot::bootWeb(Object(Config\Paths))
13 ROOTPATH\index.php(7): require_once('D:\\x8\\htdocs\\thecup\\public\\index.php')
CRITICAL - 2026-01-27 06:06:02 --> ErrorException: Undefined array key "custom_price"
[Method: GET, Route: cart/recipient/2]
in APPPATH\Views\front-end\recipient\index.php on line 16.
 1 APPPATH\Views\front-end\recipient\index.php(16): CodeIgniter\Debug\Exceptions->errorHandler(2, 'Undefined array key "custom_price"', 'D:\\x8\\htdocs\\thecup\\app\\Views\\front-end\\recipient\\index.php', 16)
 2 APPPATH\Views\front-end\main.php(12): include('D:\\x8\\htdocs\\thecup\\app\\Views\\front-end\\recipient\\index.php')
 3 SYSTEMPATH\View\View.php(234): include('D:\\x8\\htdocs\\thecup\\app\\Views\\front-end\\main.php')
 4 SYSTEMPATH\View\View.php(237): CodeIgniter\View\View->CodeIgniter\View\{closure}()
 5 SYSTEMPATH\Common.php(1171): CodeIgniter\View\View->render('front-end/main', [], true)
 6 APPPATH\Controllers\CartController.php(52): view('front-end/main', [...])
 7 SYSTEMPATH\CodeIgniter.php(933): App\Controllers\CartController->recipient('2')
 8 SYSTEMPATH\CodeIgniter.php(509): CodeIgniter\CodeIgniter->runController(Object(App\Controllers\CartController))
 9 SYSTEMPATH\CodeIgniter.php(355): CodeIgniter\CodeIgniter->handleRequest(null, Object(Config\Cache), false)
10 SYSTEMPATH\Boot.php(325): CodeIgniter\CodeIgniter->run()
11 SYSTEMPATH\Boot.php(67): CodeIgniter\Boot::runCodeIgniter(Object(CodeIgniter\CodeIgniter))
12 FCPATH\index.php(56): CodeIgniter\Boot::bootWeb(Object(Config\Paths))
13 ROOTPATH\index.php(7): require_once('D:\\x8\\htdocs\\thecup\\public\\index.php')
CRITICAL - 2026-01-27 06:08:31 --> ErrorException: Undefined array key "2_0"
[Method: GET, Route: cart/saveRecipient]
in APPPATH\Controllers\CartController.php on line 1067.
 1 APPPATH\Controllers\CartController.php(1067): CodeIgniter\Debug\Exceptions->errorHandler(2, 'Undefined array key "2_0"', 'D:\\x8\\htdocs\\thecup\\app\\Controllers\\CartController.php', 1067)
 2 SYSTEMPATH\CodeIgniter.php(933): App\Controllers\CartController->saveRecipient()
 3 SYSTEMPATH\CodeIgniter.php(509): CodeIgniter\CodeIgniter->runController(Object(App\Controllers\CartController))
 4 SYSTEMPATH\CodeIgniter.php(355): CodeIgniter\CodeIgniter->handleRequest(null, Object(Config\Cache), false)
 5 SYSTEMPATH\Boot.php(325): CodeIgniter\CodeIgniter->run()
 6 SYSTEMPATH\Boot.php(67): CodeIgniter\Boot::runCodeIgniter(Object(CodeIgniter\CodeIgniter))
 7 FCPATH\index.php(56): CodeIgniter\Boot::bootWeb(Object(Config\Paths))
 8 ROOTPATH\index.php(7): require_once('D:\\x8\\htdocs\\thecup\\public\\index.php')
CRITICAL - 2026-01-27 06:08:37 --> ErrorException: Undefined array key "2_0"
[Method: GET, Route: cart/saveRecipient]
in APPPATH\Controllers\CartController.php on line 1067.
 1 APPPATH\Controllers\CartController.php(1067): CodeIgniter\Debug\Exceptions->errorHandler(2, 'Undefined array key "2_0"', 'D:\\x8\\htdocs\\thecup\\app\\Controllers\\CartController.php', 1067)
 2 SYSTEMPATH\CodeIgniter.php(933): App\Controllers\CartController->saveRecipient()
 3 SYSTEMPATH\CodeIgniter.php(509): CodeIgniter\CodeIgniter->runController(Object(App\Controllers\CartController))
 4 SYSTEMPATH\CodeIgniter.php(355): CodeIgniter\CodeIgniter->handleRequest(null, Object(Config\Cache), false)
 5 SYSTEMPATH\Boot.php(325): CodeIgniter\CodeIgniter->run()
 6 SYSTEMPATH\Boot.php(67): CodeIgniter\Boot::runCodeIgniter(Object(CodeIgniter\CodeIgniter))
 7 FCPATH\index.php(56): CodeIgniter\Boot::bootWeb(Object(Config\Paths))
 8 ROOTPATH\index.php(7): require_once('D:\\x8\\htdocs\\thecup\\public\\index.php')
CRITICAL - 2026-01-27 06:08:42 --> ErrorException: Undefined array key "2_0"
[Method: GET, Route: cart/saveRecipient]
in APPPATH\Controllers\CartController.php on line 1067.
 1 APPPATH\Controllers\CartController.php(1067): CodeIgniter\Debug\Exceptions->errorHandler(2, 'Undefined array key "2_0"', 'D:\\x8\\htdocs\\thecup\\app\\Controllers\\CartController.php', 1067)
 2 SYSTEMPATH\CodeIgniter.php(933): App\Controllers\CartController->saveRecipient()
 3 SYSTEMPATH\CodeIgniter.php(509): CodeIgniter\CodeIgniter->runController(Object(App\Controllers\CartController))
 4 SYSTEMPATH\CodeIgniter.php(355): CodeIgniter\CodeIgniter->handleRequest(null, Object(Config\Cache), false)
 5 SYSTEMPATH\Boot.php(325): CodeIgniter\CodeIgniter->run()
 6 SYSTEMPATH\Boot.php(67): CodeIgniter\Boot::runCodeIgniter(Object(CodeIgniter\CodeIgniter))
 7 FCPATH\index.php(56): CodeIgniter\Boot::bootWeb(Object(Config\Paths))
 8 ROOTPATH\index.php(7): require_once('D:\\x8\\htdocs\\thecup\\public\\index.php')
CRITICAL - 2026-01-27 06:10:08 --> ErrorException: A non-numeric value encountered
[Method: GET, Route: cart/saveRecipient]
in APPPATH\Controllers\CartController.php on line 1065.
 1 APPPATH\Controllers\CartController.php(1065): CodeIgniter\Debug\Exceptions->errorHandler(2, 'A non-numeric value encountered', 'D:\\x8\\htdocs\\thecup\\app\\Controllers\\CartController.php', 1065)
 2 SYSTEMPATH\CodeIgniter.php(933): App\Controllers\CartController->saveRecipient()
 3 SYSTEMPATH\CodeIgniter.php(509): CodeIgniter\CodeIgniter->runController(Object(App\Controllers\CartController))
 4 SYSTEMPATH\CodeIgniter.php(355): CodeIgniter\CodeIgniter->handleRequest(null, Object(Config\Cache), false)
 5 SYSTEMPATH\Boot.php(325): CodeIgniter\CodeIgniter->run()
 6 SYSTEMPATH\Boot.php(67): CodeIgniter\Boot::runCodeIgniter(Object(CodeIgniter\CodeIgniter))
 7 FCPATH\index.php(56): CodeIgniter\Boot::bootWeb(Object(Config\Paths))
 8 ROOTPATH\index.php(7): require_once('D:\\x8\\htdocs\\thecup\\public\\index.php')
CRITICAL - 2026-01-27 06:10:23 --> ErrorException: Undefined array key "custom_price"
[Method: GET, Route: cart/recipient/2]
in APPPATH\Views\front-end\recipient\index.php on line 16.
 1 APPPATH\Views\front-end\recipient\index.php(16): CodeIgniter\Debug\Exceptions->errorHandler(2, 'Undefined array key "custom_price"', 'D:\\x8\\htdocs\\thecup\\app\\Views\\front-end\\recipient\\index.php', 16)
 2 APPPATH\Views\front-end\main.php(12): include('D:\\x8\\htdocs\\thecup\\app\\Views\\front-end\\recipient\\index.php')
 3 SYSTEMPATH\View\View.php(234): include('D:\\x8\\htdocs\\thecup\\app\\Views\\front-end\\main.php')
 4 SYSTEMPATH\View\View.php(237): CodeIgniter\View\View->CodeIgniter\View\{closure}()
 5 SYSTEMPATH\Common.php(1171): CodeIgniter\View\View->render('front-end/main', [], true)
 6 APPPATH\Controllers\CartController.php(52): view('front-end/main', [...])
 7 SYSTEMPATH\CodeIgniter.php(933): App\Controllers\CartController->recipient('2')
 8 SYSTEMPATH\CodeIgniter.php(509): CodeIgniter\CodeIgniter->runController(Object(App\Controllers\CartController))
 9 SYSTEMPATH\CodeIgniter.php(355): CodeIgniter\CodeIgniter->handleRequest(null, Object(Config\Cache), false)
10 SYSTEMPATH\Boot.php(325): CodeIgniter\CodeIgniter->run()
11 SYSTEMPATH\Boot.php(67): CodeIgniter\Boot::runCodeIgniter(Object(CodeIgniter\CodeIgniter))
12 FCPATH\index.php(56): CodeIgniter\Boot::bootWeb(Object(Config\Paths))
13 ROOTPATH\index.php(7): require_once('D:\\x8\\htdocs\\thecup\\public\\index.php')
CRITICAL - 2026-01-27 06:36:53 --> ErrorException: Undefined array key "custom_price"
[Method: GET, Route: cart/recipient/1]
in APPPATH\Views\front-end\recipient\index.php on line 19.
 1 APPPATH\Views\front-end\recipient\index.php(19): CodeIgniter\Debug\Exceptions->errorHandler(2, 'Undefined array key "custom_price"', 'D:\\x8\\htdocs\\thecup\\app\\Views\\front-end\\recipient\\index.php', 19)
 2 APPPATH\Views\front-end\main.php(12): include('D:\\x8\\htdocs\\thecup\\app\\Views\\front-end\\recipient\\index.php')
 3 SYSTEMPATH\View\View.php(234): include('D:\\x8\\htdocs\\thecup\\app\\Views\\front-end\\main.php')
 4 SYSTEMPATH\View\View.php(237): CodeIgniter\View\View->CodeIgniter\View\{closure}()
 5 SYSTEMPATH\Common.php(1171): CodeIgniter\View\View->render('front-end/main', [], true)
 6 APPPATH\Controllers\CartController.php(52): view('front-end/main', [...])
 7 SYSTEMPATH\CodeIgniter.php(933): App\Controllers\CartController->recipient('1')
 8 SYSTEMPATH\CodeIgniter.php(509): CodeIgniter\CodeIgniter->runController(Object(App\Controllers\CartController))
 9 SYSTEMPATH\CodeIgniter.php(355): CodeIgniter\CodeIgniter->handleRequest(null, Object(Config\Cache), false)
10 SYSTEMPATH\Boot.php(325): CodeIgniter\CodeIgniter->run()
11 SYSTEMPATH\Boot.php(67): CodeIgniter\Boot::runCodeIgniter(Object(CodeIgniter\CodeIgniter))
12 FCPATH\index.php(56): CodeIgniter\Boot::bootWeb(Object(Config\Paths))
13 ROOTPATH\index.php(7): require_once('D:\\x8\\htdocs\\thecup\\public\\index.php')
CRITICAL - 2026-01-27 06:38:56 --> ErrorException: Undefined array key "custom_price"
[Method: GET, Route: cart/recipient/1]
in APPPATH\Views\front-end\recipient\index.php on line 19.
 1 APPPATH\Views\front-end\recipient\index.php(19): CodeIgniter\Debug\Exceptions->errorHandler(2, 'Undefined array key "custom_price"', 'D:\\x8\\htdocs\\thecup\\app\\Views\\front-end\\recipient\\index.php', 19)
 2 APPPATH\Views\front-end\main.php(12): include('D:\\x8\\htdocs\\thecup\\app\\Views\\front-end\\recipient\\index.php')
 3 SYSTEMPATH\View\View.php(234): include('D:\\x8\\htdocs\\thecup\\app\\Views\\front-end\\main.php')
 4 SYSTEMPATH\View\View.php(237): CodeIgniter\View\View->CodeIgniter\View\{closure}()
 5 SYSTEMPATH\Common.php(1171): CodeIgniter\View\View->render('front-end/main', [], true)
 6 APPPATH\Controllers\CartController.php(52): view('front-end/main', [...])
 7 SYSTEMPATH\CodeIgniter.php(933): App\Controllers\CartController->recipient('1')
 8 SYSTEMPATH\CodeIgniter.php(509): CodeIgniter\CodeIgniter->runController(Object(App\Controllers\CartController))
 9 SYSTEMPATH\CodeIgniter.php(355): CodeIgniter\CodeIgniter->handleRequest(null, Object(Config\Cache), false)
10 SYSTEMPATH\Boot.php(325): CodeIgniter\CodeIgniter->run()
11 SYSTEMPATH\Boot.php(67): CodeIgniter\Boot::runCodeIgniter(Object(CodeIgniter\CodeIgniter))
12 FCPATH\index.php(56): CodeIgniter\Boot::bootWeb(Object(Config\Paths))
13 ROOTPATH\index.php(7): require_once('D:\\x8\\htdocs\\thecup\\public\\index.php')
CRITICAL - 2026-01-27 07:39:52 --> ParseError: syntax error, unexpected token ","
[Method: GET, Route: cart/maintain]
in APPPATH\Controllers\CartController.php on line 984.
 1 SYSTEMPATH\Autoloader\Autoloader.php(296): CodeIgniter\Autoloader\Autoloader->includeFile('D:\\x8\\htdocs\\thecup\\app\\Controllers\\CartController.php')
 2 SYSTEMPATH\Autoloader\Autoloader.php(272): CodeIgniter\Autoloader\Autoloader->loadInNamespace('App\\Controllers\\CartController')
 3 [internal function]: CodeIgniter\Autoloader\Autoloader->loadClass('App\\Controllers\\CartController')
 4 SYSTEMPATH\CodeIgniter.php(887): class_exists('\\App\\Controllers\\CartController', true)
 5 SYSTEMPATH\CodeIgniter.php(496): CodeIgniter\CodeIgniter->startController()
 6 SYSTEMPATH\CodeIgniter.php(355): CodeIgniter\CodeIgniter->handleRequest(null, Object(Config\Cache), false)
 7 SYSTEMPATH\Boot.php(325): CodeIgniter\CodeIgniter->run()
 8 SYSTEMPATH\Boot.php(67): CodeIgniter\Boot::runCodeIgniter(Object(CodeIgniter\CodeIgniter))
 9 FCPATH\index.php(56): CodeIgniter\Boot::bootWeb(Object(Config\Paths))
10 ROOTPATH\index.php(7): require_once('D:\\x8\\htdocs\\thecup\\public\\index.php')
CRITICAL - 2026-01-27 07:39:54 --> ParseError: syntax error, unexpected token ","
[Method: GET, Route: cart/getDropdownCart]
in APPPATH\Controllers\CartController.php on line 984.
 1 SYSTEMPATH\Autoloader\Autoloader.php(296): CodeIgniter\Autoloader\Autoloader->includeFile('D:\\x8\\htdocs\\thecup\\app\\Controllers\\CartController.php')
 2 SYSTEMPATH\Autoloader\Autoloader.php(272): CodeIgniter\Autoloader\Autoloader->loadInNamespace('App\\Controllers\\CartController')
 3 [internal function]: CodeIgniter\Autoloader\Autoloader->loadClass('App\\Controllers\\CartController')
 4 SYSTEMPATH\CodeIgniter.php(887): class_exists('\\App\\Controllers\\CartController', true)
 5 SYSTEMPATH\CodeIgniter.php(496): CodeIgniter\CodeIgniter->startController()
 6 SYSTEMPATH\CodeIgniter.php(355): CodeIgniter\CodeIgniter->handleRequest(null, Object(Config\Cache), false)
 7 SYSTEMPATH\Boot.php(325): CodeIgniter\CodeIgniter->run()
 8 SYSTEMPATH\Boot.php(67): CodeIgniter\Boot::runCodeIgniter(Object(CodeIgniter\CodeIgniter))
 9 FCPATH\index.php(56): CodeIgniter\Boot::bootWeb(Object(Config\Paths))
10 ROOTPATH\index.php(7): require_once('D:\\x8\\htdocs\\thecup\\public\\index.php')
CRITICAL - 2026-01-27 07:42:02 --> ParseError: syntax error, unexpected token ","
[Method: GET, Route: cart/maintain]
in APPPATH\Controllers\CartController.php on line 985.
 1 SYSTEMPATH\Autoloader\Autoloader.php(296): CodeIgniter\Autoloader\Autoloader->includeFile('D:\\x8\\htdocs\\thecup\\app\\Controllers\\CartController.php')
 2 SYSTEMPATH\Autoloader\Autoloader.php(272): CodeIgniter\Autoloader\Autoloader->loadInNamespace('App\\Controllers\\CartController')
 3 [internal function]: CodeIgniter\Autoloader\Autoloader->loadClass('App\\Controllers\\CartController')
 4 SYSTEMPATH\CodeIgniter.php(887): class_exists('\\App\\Controllers\\CartController', true)
 5 SYSTEMPATH\CodeIgniter.php(496): CodeIgniter\CodeIgniter->startController()
 6 SYSTEMPATH\CodeIgniter.php(355): CodeIgniter\CodeIgniter->handleRequest(null, Object(Config\Cache), false)
 7 SYSTEMPATH\Boot.php(325): CodeIgniter\CodeIgniter->run()
 8 SYSTEMPATH\Boot.php(67): CodeIgniter\Boot::runCodeIgniter(Object(CodeIgniter\CodeIgniter))
 9 FCPATH\index.php(56): CodeIgniter\Boot::bootWeb(Object(Config\Paths))
10 ROOTPATH\index.php(7): require_once('D:\\x8\\htdocs\\thecup\\public\\index.php')
CRITICAL - 2026-01-27 07:42:03 --> ParseError: syntax error, unexpected token ","
[Method: GET, Route: cart/getDropdownCart]
in APPPATH\Controllers\CartController.php on line 985.
 1 SYSTEMPATH\Autoloader\Autoloader.php(296): CodeIgniter\Autoloader\Autoloader->includeFile('D:\\x8\\htdocs\\thecup\\app\\Controllers\\CartController.php')
 2 SYSTEMPATH\Autoloader\Autoloader.php(272): CodeIgniter\Autoloader\Autoloader->loadInNamespace('App\\Controllers\\CartController')
 3 [internal function]: CodeIgniter\Autoloader\Autoloader->loadClass('App\\Controllers\\CartController')
 4 SYSTEMPATH\CodeIgniter.php(887): class_exists('\\App\\Controllers\\CartController', true)
 5 SYSTEMPATH\CodeIgniter.php(496): CodeIgniter\CodeIgniter->startController()
 6 SYSTEMPATH\CodeIgniter.php(355): CodeIgniter\CodeIgniter->handleRequest(null, Object(Config\Cache), false)
 7 SYSTEMPATH\Boot.php(325): CodeIgniter\CodeIgniter->run()
 8 SYSTEMPATH\Boot.php(67): CodeIgniter\Boot::runCodeIgniter(Object(CodeIgniter\CodeIgniter))
 9 FCPATH\index.php(56): CodeIgniter\Boot::bootWeb(Object(Config\Paths))
10 ROOTPATH\index.php(7): require_once('D:\\x8\\htdocs\\thecup\\public\\index.php')
CRITICAL - 2026-01-27 07:43:59 --> ErrorException: Undefined variable $Currency
[Method: GET, Route: cart/recipient/1]
in APPPATH\Views\front-end\recipient\index.php on line 19.
 1 APPPATH\Views\front-end\recipient\index.php(19): CodeIgniter\Debug\Exceptions->errorHandler(2, 'Undefined variable $Currency', 'D:\\x8\\htdocs\\thecup\\app\\Views\\front-end\\recipient\\index.php', 19)
 2 APPPATH\Views\front-end\main.php(12): include('D:\\x8\\htdocs\\thecup\\app\\Views\\front-end\\recipient\\index.php')
 3 SYSTEMPATH\View\View.php(234): include('D:\\x8\\htdocs\\thecup\\app\\Views\\front-end\\main.php')
 4 SYSTEMPATH\View\View.php(237): CodeIgniter\View\View->CodeIgniter\View\{closure}()
 5 SYSTEMPATH\Common.php(1171): CodeIgniter\View\View->render('front-end/main', [], true)
 6 APPPATH\Controllers\CartController.php(52): view('front-end/main', [...])
 7 SYSTEMPATH\CodeIgniter.php(933): App\Controllers\CartController->recipient('1')
 8 SYSTEMPATH\CodeIgniter.php(509): CodeIgniter\CodeIgniter->runController(Object(App\Controllers\CartController))
 9 SYSTEMPATH\CodeIgniter.php(355): CodeIgniter\CodeIgniter->handleRequest(null, Object(Config\Cache), false)
10 SYSTEMPATH\Boot.php(325): CodeIgniter\CodeIgniter->run()
11 SYSTEMPATH\Boot.php(67): CodeIgniter\Boot::runCodeIgniter(Object(CodeIgniter\CodeIgniter))
12 FCPATH\index.php(56): CodeIgniter\Boot::bootWeb(Object(Config\Paths))
13 ROOTPATH\index.php(7): require_once('D:\\x8\\htdocs\\thecup\\public\\index.php')
CRITICAL - 2026-01-27 07:49:50 --> ParseError: syntax error, unexpected token "var", expecting end of file
[Method: GET, Route: /]
in APPPATH\Views\front-end\home\home.php on line 58.
 1 SYSTEMPATH\View\View.php(234): include()
 2 SYSTEMPATH\View\View.php(237): CodeIgniter\View\View->CodeIgniter\View\{closure}()
 3 SYSTEMPATH\Common.php(1171): CodeIgniter\View\View->render('front-end/main', [], true)
 4 APPPATH\Controllers\Home.php(25): view('front-end/main', [...])
 5 SYSTEMPATH\CodeIgniter.php(933): App\Controllers\Home->index()
 6 SYSTEMPATH\CodeIgniter.php(509): CodeIgniter\CodeIgniter->runController(Object(App\Controllers\Home))
 7 SYSTEMPATH\CodeIgniter.php(355): CodeIgniter\CodeIgniter->handleRequest(null, Object(Config\Cache), false)
 8 SYSTEMPATH\Boot.php(325): CodeIgniter\CodeIgniter->run()
 9 SYSTEMPATH\Boot.php(67): CodeIgniter\Boot::runCodeIgniter(Object(CodeIgniter\CodeIgniter))
10 FCPATH\index.php(56): CodeIgniter\Boot::bootWeb(Object(Config\Paths))
11 ROOTPATH\index.php(7): require_once('D:\\x8\\htdocs\\thecup\\public\\index.php')
CRITICAL - 2026-01-27 08:06:44 --> ErrorException: Undefined array key "firstname"
[Method: GET, Route: cart/recipient/1]
in APPPATH\Views\front-end\recipient\index.php on line 223.
 1 APPPATH\Views\front-end\recipient\index.php(223): CodeIgniter\Debug\Exceptions->errorHandler(2, 'Undefined array key "firstname"', 'D:\\x8\\htdocs\\thecup\\app\\Views\\front-end\\recipient\\index.php', 223)
 2 APPPATH\Views\front-end\main.php(12): include('D:\\x8\\htdocs\\thecup\\app\\Views\\front-end\\recipient\\index.php')
 3 SYSTEMPATH\View\View.php(234): include('D:\\x8\\htdocs\\thecup\\app\\Views\\front-end\\main.php')
 4 SYSTEMPATH\View\View.php(237): CodeIgniter\View\View->CodeIgniter\View\{closure}()
 5 SYSTEMPATH\Common.php(1171): CodeIgniter\View\View->render('front-end/main', [], true)
 6 APPPATH\Controllers\CartController.php(52): view('front-end/main', [...])
 7 SYSTEMPATH\CodeIgniter.php(933): App\Controllers\CartController->recipient('1')
 8 SYSTEMPATH\CodeIgniter.php(509): CodeIgniter\CodeIgniter->runController(Object(App\Controllers\CartController))
 9 SYSTEMPATH\CodeIgniter.php(355): CodeIgniter\CodeIgniter->handleRequest(null, Object(Config\Cache), false)
10 SYSTEMPATH\Boot.php(325): CodeIgniter\CodeIgniter->run()
11 SYSTEMPATH\Boot.php(67): CodeIgniter\Boot::runCodeIgniter(Object(CodeIgniter\CodeIgniter))
12 FCPATH\index.php(56): CodeIgniter\Boot::bootWeb(Object(Config\Paths))
13 ROOTPATH\index.php(7): require_once('D:\\x8\\htdocs\\thecup\\public\\index.php')
CRITICAL - 2026-01-27 08:40:11 --> Error: Call to undefined function App\Controllers\countTotal()
[Method: GET, Route: cart/getDropdownCart]
in APPPATH\Controllers\CartController.php on line 1065.
 1 SYSTEMPATH\CodeIgniter.php(933): App\Controllers\CartController->getDropdownCart()
 2 SYSTEMPATH\CodeIgniter.php(509): CodeIgniter\CodeIgniter->runController(Object(App\Controllers\CartController))
 3 SYSTEMPATH\CodeIgniter.php(355): CodeIgniter\CodeIgniter->handleRequest(null, Object(Config\Cache), false)
 4 SYSTEMPATH\Boot.php(325): CodeIgniter\CodeIgniter->run()
 5 SYSTEMPATH\Boot.php(67): CodeIgniter\Boot::runCodeIgniter(Object(CodeIgniter\CodeIgniter))
 6 FCPATH\index.php(56): CodeIgniter\Boot::bootWeb(Object(Config\Paths))
 7 ROOTPATH\index.php(7): require_once('D:\\x8\\htdocs\\thecup\\public\\index.php')
